title,author,score,container.title,created,DOI,funder,publisher,reference.count,source,subject,subtitle,type,URL,issue,volume
Nitrate removal in the hyporheic zone of a salmon river in Alaska,Gilles Pinay; Thomas C. O'Keefe; Richard T. Edwards; Robert J. Naiman,80.43893,River Research and Applications,2008-06-12,10.1002/rra.1164,NULL,Wiley-Blackwell,49,Crossref,"Environmental Science(all),Water Science and Technology,Environmental Chemistry",NA,journal-article,http://dx.doi.org/10.1002/rra.1164,4,25
Large wood aids spawning Chinook salmon (Oncorhynchus tshawytscha) in marginal habitat on a regulated river in California,A. E. Senter; G. B. Pasternack,80.43893,River Research and Applications,2010-04-07,10.1002/rra.1388,NULL,Wiley-Blackwell,75,Crossref,"Environmental Science(all),Water Science and Technology,Environmental Chemistry",NA,journal-article,http://dx.doi.org/10.1002/rra.1388,5,27
"River channel cutoff dynamics, Sacramento River, California, USA",E. R. Micheli; E. W. Larsen,78.351326,River Research and Applications,2010-02-23,10.1002/rra.1360,NULL,Wiley-Blackwell,56,Crossref,"Environmental Science(all),Water Science and Technology,Environmental Chemistry",NA,journal-article,http://dx.doi.org/10.1002/rra.1360,3,27
"Effects of dam-induced flow regime change on downstream river morphology and vegetation cover in the Hwang River, Korea",Sung-UK Choi; Byungman Yoon; Hyoseop Woo,77.71497,River Research and Applications,2005-03-09,10.1002/rra.849,NULL,Wiley-Blackwell,18,Crossref,"Environmental Science(all),Water Science and Technology,Environmental Chemistry",NA,journal-article,http://dx.doi.org/10.1002/rra.849,2-3,21
"River dredging, channel dynamics and bedload transport in an incised meandering river (the River Semois, Belgium)",F. Gob; G. Houbrechts; J. M. Hiver; F. Petit,77.32901,River Research and Applications,2005-09-19,10.1002/rra.883,NULL,Wiley-Blackwell,60,Crossref,"Environmental Science(all),Water Science and Technology,Environmental Chemistry",NA,journal-article,http://dx.doi.org/10.1002/rra.883,7,21
Managing international river basins: reviewing India–Bangladesh transboundary water issues,Aditya Sood; Bala Krishna Prasad Mathukumalli,75.45644,International Journal of River Basin Management,2011-03-13,10.1080/15715124.2011.553832,NULL,Informa UK Limited,52,Crossref,Water Science and Technology,NA,journal-article,http://dx.doi.org/10.1080/15715124.2011.553832,1,9
"Assessing environmental flow requirements and trade-offs for the Lower Zambezi River and Delta, Mozambique",Richard Beilfuss; Cate Brown,75.45644,International Journal of River Basin Management,2010-08-12,10.1080/15715121003714837,NULL,Informa UK Limited,46,Crossref,Water Science and Technology,NA,journal-article,http://dx.doi.org/10.1080/15715121003714837,2,8
"Flood wash-out conditions of an exotic and invasive plant,Eragrostis curvula, in Arakawa River, Japan",Junji Yagisawa; Norio Tanaka,75.45644,International Journal of River Basin Management,2010-08-12,10.1080/15715121003715057,NULL,Informa UK Limited,37,Crossref,Water Science and Technology,NA,journal-article,http://dx.doi.org/10.1080/15715121003715057,1,8
"Evaluation of water demand Scenarios for the Olifants River catchment, South Africa",Matthew McCartney; Roberto Arranz,75.45644,International Journal of River Basin Management,2010-08-24,10.1080/15715124.2009.9635396,NULL,Informa UK Limited,27,Crossref,Water Science and Technology,NA,journal-article,http://dx.doi.org/10.1080/15715124.2009.9635396,4,7
Multi-decadal and multi-centennial variability in Colorado River streamflow,Sajad Ahmad Hamidi; Reza Namdar Ghanbari,75.45644,International Journal of River Basin Management,2015-12-09,10.1080/15715124.2015.1095200,NULL,Informa UK Limited,27,Crossref,Water Science and Technology,NA,journal-article,http://dx.doi.org/10.1080/15715124.2015.1095200,2,14
Impact of water diversion on hydrological regime of the Atreyee river of Indo-Bangladesh,Swades Pal,75.45644,International Journal of River Basin Management,2016-06-08,10.1080/15715124.2016.1194282,NULL,Informa UK Limited,93,Crossref,Water Science and Technology,NA,journal-article,http://dx.doi.org/10.1080/15715124.2016.1194282,4,14
Assessment of surface water quality of Songkhram River (Thailand) using environmetric techniques,Sangam Shrestha; Somphinith Muangthong,75.45644,International Journal of River Basin Management,2014-06-17,10.1080/15715124.2014.922094,NULL,Informa UK Limited,15,Crossref,Water Science and Technology,NA,journal-article,http://dx.doi.org/10.1080/15715124.2014.922094,4,12
A hybrid method for forecasting river-suspended sediments in Iran,Alireza Tavakoli Targhi; Sadegh Abbaszadeh; Zeinab Arabasadi,75.45644,International Journal of River Basin Management,2017-04-10,10.1080/15715124.2017.1315815,NULL,Informa UK Limited,20,Crossref,Water Science and Technology,NA,journal-article,http://dx.doi.org/10.1080/15715124.2017.1315815,NA,NA
A critical review of integrated river basin management in the upper Blue Nile river basin: the case of Ethiopia,Desale Kidane Asmamaw,74.67273,International Journal of River Basin Management,2015-03-11,10.1080/15715124.2015.1013037,NULL,Informa UK Limited,45,Crossref,Water Science and Technology,NA,journal-article,http://dx.doi.org/10.1080/15715124.2015.1013037,4,13
"River Temperature Modelling by Strahler Order at the Regional Scale in the Loire River Basin, France",A. Beaufort; F. Moatar; F. Curie; A. Ducharne; V. Bustillo; D. Thiéry,74.66886,River Research and Applications,2015-03-16,10.1002/rra.2888,NULL,Wiley-Blackwell,45,Crossref,"Environmental Science(all),Water Science and Technology,Environmental Chemistry",River Temperature Modelling by Strahler Order,journal-article,http://dx.doi.org/10.1002/rra.2888,4,32
"Establishing a Context for River Rehabilitation, North Fork Gunnison River, Colorado",Christopher Jaquette; Ellen Wohl; David Cooper,74.123825,Environmental Management,2005-05-11,10.1007/s00267-004-0101-2,NULL,Springer Nature,42,Crossref,"Ecology,Global and Planetary Change,Pollution",NA,journal-article,http://dx.doi.org/10.1007/s00267-004-0101-2,5,35
Room for the River: delivering integrated river basin management in the Netherlands,Jeroen Rijke; Sebastiaan van Herk; Chris Zevenbergen; Richard Ashley,73.65528,International Journal of River Basin Management,2012-10-16,10.1080/15715124.2012.739173,NULL,Informa UK Limited,48,Crossref,Water Science and Technology,NA,journal-article,http://dx.doi.org/10.1080/15715124.2012.739173,4,10
"The effect of the Grand Ditch on the abundance of benthic invertebrates in the Colorado River, Rocky Mountain National Park",Jordan A. Clayton; Cherie J. Westbrook,73.4749,River Research and Applications,2008-04-17,10.1002/rra.1117,NULL,Wiley-Blackwell,47,Crossref,"Environmental Science(all),Water Science and Technology,Environmental Chemistry",NA,journal-article,http://dx.doi.org/10.1002/rra.1117,7,24
A Comparison of Metabolic Rates in Off-Channel Habitats of the Middle Mississippi River,M. J. Sobotka; Q. E. Phelps,73.08571,River Research and Applications,2016-09-23,10.1002/rra.3097,NULL,Wiley-Blackwell,41,Crossref,"Environmental Science(all),Water Science and Technology,Environmental Chemistry",Metabolism in Off-Channel Habitats of the Middle Mississippi River,journal-article,http://dx.doi.org/10.1002/rra.3097,NA,NA
"Responses of macroinvertebrate communities to river restoration in a channelized segment of the Shibetsu River, Northern Japan",Daisuke Nakano; Futoshi Nakamura,73.08571,River Research and Applications,2006-06-02,10.1002/rra.928,NULL,Wiley-Blackwell,24,Crossref,"Environmental Science(all),Water Science and Technology,Environmental Chemistry",NA,journal-article,http://dx.doi.org/10.1002/rra.928,6,22
Historical patterns of river stage and fish communities as criteria for operations of dams on the Illinois river,Todd M. Koel; Richard E. Sparks,73.08571,River Research and Applications,2002-08-25,10.1002/rra.630,NULL,Wiley-Blackwell,51,Crossref,"Environmental Science(all),Water Science and Technology,Environmental Chemistry",NA,journal-article,http://dx.doi.org/10.1002/rra.630,1,18
"Optimizing a Standardized Electrofishing Sampling Protocol for Warmwater Resident Sportfish in the Tallapoosa River, Alabama, USA",S. M. Sammons,73.08571,River Research and Applications,2014-08-15,10.1002/rra.2830,NULL,Wiley-Blackwell,27,Crossref,"Environmental Science(all),Water Science and Technology,Environmental Chemistry",ELECTROFISHING PROTOCOL IN AN ALABAMA RIVER,journal-article,http://dx.doi.org/10.1002/rra.2830,10,31
Analysis and evaluation of large-scale river restoration planning in Germany to better link river research and management,J. Kail; C. Wolter,73.08571,River Research and Applications,2010-05-01,10.1002/rra.1382,NULL,Wiley-Blackwell,59,Crossref,"Environmental Science(all),Water Science and Technology,Environmental Chemistry",NA,journal-article,http://dx.doi.org/10.1002/rra.1382,8,27
"Effects of river regulation on water quality in the lower Mokelumne River, California",Dylan S. Ahearn; Richard W. Sheibley; Randy A. Dahlgren,73.08571,River Research and Applications,2005-06-08,10.1002/rra.853,NULL,Wiley-Blackwell,50,Crossref,"Environmental Science(all),Water Science and Technology,Environmental Chemistry",NA,journal-article,http://dx.doi.org/10.1002/rra.853,6,21
"Patterns in groundwater nitrogen concentration in the riparian zone of a large semi-arid river (River Murray, Australia)",Sébastien Lamontagne; Fred W. Leaney; Andrew L. Herczeg,73.08571,River Research and Applications,2005-10-05,10.1002/rra.876,NULL,Wiley-Blackwell,50,Crossref,"Environmental Science(all),Water Science and Technology,Environmental Chemistry",NA,journal-article,http://dx.doi.org/10.1002/rra.876,1,22
"Effects of river discharge on abundance and instantaneous growth of age-0 carpsuckers in the Oconee River, Georgia, USA",Rebecca Cull Peterson; Cecil A. Jennings,73.08571,River Research and Applications,2007-06-21,10.1002/rra.1029,NULL,Wiley-Blackwell,34,Crossref,"Environmental Science(all),Water Science and Technology,Environmental Chemistry",NA,journal-article,http://dx.doi.org/10.1002/rra.1029,9,23
"Relationship between river surface level and fish assemblage in the Ocklawaha River, Florida",Mark W. Rogers; Micheal S. Allen; M. Dale Jones,73.08571,River Research and Applications,2005-05-06,10.1002/rra.818,NULL,Wiley-Blackwell,50,Crossref,"Environmental Science(all),Water Science and Technology,Environmental Chemistry",NA,journal-article,http://dx.doi.org/10.1002/rra.818,5,21
Spatial and Temporal Distinction of Microelemental Signatures of Missouri River Tributaries,M. R. Wuellner; J. D. Grote; M. J. Fincel,73.08571,River Research and Applications,2016-12-07,10.1002/rra.3115,NULL,Wiley-Blackwell,36,Crossref,"Environmental Science(all),Water Science and Technology,Environmental Chemistry",Microelemental Signatures of Missouri River Tributaries,journal-article,http://dx.doi.org/10.1002/rra.3115,NA,NA
"Geomorphic diversity as a river management tool and its application to the Ganga River, India",NaN,73.08571,River Research and Applications,2017-04-25,10.1002/rra.3154,NULL,Wiley-Blackwell,46,Crossref,"Environmental Science(all),Water Science and Technology,Environmental Chemistry",NA,journal-article,http://dx.doi.org/10.1002/rra.3154,NA,NA
"Scenarios for Restoring Floodplain Ecology Given Changes to River Flows Under Climate Change: Case from the San Joaquin River, California",M. K. Matella; A. M. Merenlender,72.98684,River Research and Applications,2014-03-21,10.1002/rra.2750,NULL,Wiley-Blackwell,50,Crossref,"Environmental Science(all),Water Science and Technology,Environmental Chemistry",SCENARIOS FOR RESTORING FLOODPLAIN ECOLOGY,journal-article,http://dx.doi.org/10.1002/rra.2750,3,31
Florida river flow patterns and the Atlantic multidecadal oscillation,Martin H. Kelly; James A. Gore,72.95085,River Research and Applications,2008-05-28,10.1002/rra.1139,NULL,Wiley-Blackwell,19,Crossref,"Environmental Science(all),Water Science and Technology,Environmental Chemistry",NA,journal-article,http://dx.doi.org/10.1002/rra.1139,5,24
"River Enhancement in the Upper Mississippi River Basin: Approaches Based on River Uses, Alterations, and Management Agencies",T. Kevin O?Donnell; David L. Galat,72.89961,Restoration Ecology,2007-07-26,10.1111/j.1526-100x.2007.00249.x,"list(name = ""Shei-Pa National Park, Taiwan"")",Wiley-Blackwell,35,Crossref,"Ecology,Ecology, Evolution, Behavior and Systematics,Nature and Landscape Conservation",NA,journal-article,http://dx.doi.org/10.1111/j.1526-100x.2007.00249.x,3,15
"The influence of major dams on hydrology through the drainage network of the Sacramento River basin, California",Michael Bliss Singer,72.89961,River Research and Applications,2006-10-26,10.1002/rra.968,NULL,Wiley-Blackwell,46,Crossref,"Environmental Science(all),Water Science and Technology,Environmental Chemistry",NA,journal-article,http://dx.doi.org/10.1002/rra.968,1,23
"Suspended sediment flux of river: Wavelet analysis in the Panlong basin of the Upper Red River (Honghe River), China",WenRong Ding; Yue Zhou; XiXi Lü,72.89961,Chinese Science Bulletin,2008-02-14,10.1007/s11434-007-7013-5,NULL,Springer Nature,25,Crossref,General,NA,journal-article,http://dx.doi.org/10.1007/s11434-007-7013-5,S2,52
Forecasting backwater through bridge constrictions in Mississippi River Basin,Galip Seckin; Tefaruk Haktanir; Murat Cobaner; Zeliha Selek,72.89961,River Research and Applications,2008-05-09,10.1002/rra.1162,NULL,Wiley-Blackwell,22,Crossref,"Environmental Science(all),Water Science and Technology,Environmental Chemistry",NA,journal-article,http://dx.doi.org/10.1002/rra.1162,3,25
"Assessment of plain river ecosystem function based on improved gray system model and analytic hierarchy process for the Fuyang River, Haihe River Basin, China",Tao Yang; Jingling Liu; Qiuying Chen,72.89961,Ecological Modelling,2013-09-06,10.1016/j.ecolmodel.2013.07.023,NULL,Elsevier BV,55,Crossref,Ecological Modelling,NA,journal-article,http://dx.doi.org/10.1016/j.ecolmodel.2013.07.023,NA,268
"Effectiveness of braided, gravel-bed river restoration in the Upper Waitaki Basin, New Zealand",Brian S. Caruso,72.89961,River Research and Applications,2006-08-30,10.1002/rra.944,NULL,Wiley-Blackwell,89,Crossref,"Environmental Science(all),Water Science and Technology,Environmental Chemistry",NA,journal-article,http://dx.doi.org/10.1002/rra.944,8,22
Stream temperature dynamics within a New Zealand glacierized river basin,S. L. Cadbury; D. M. Hannah; A. M. Milner; C. P. Pearson; L. E. Brown,72.89961,River Research and Applications,2007-12-28,10.1002/rra.1048,NULL,Wiley-Blackwell,43,Crossref,"Environmental Science(all),Water Science and Technology,Environmental Chemistry",NA,journal-article,http://dx.doi.org/10.1002/rra.1048,1,24
Issues in the protection of small river valleys: the example of the Kulawa River valley (northwest Poland),Bożena Prajs; Wojciech Antkowiak,72.32256,Oceanological and Hydrobiological Studies,2010-09-30,10.2478/v10009-010-0045-1,NULL,Walter de Gruyter GmbH,11,Crossref,Oceanography,NA,journal-article,http://dx.doi.org/10.2478/v10009-010-0045-1,3,39
"Population status of eucalypt trees on the River Murray floodplain, South Australia",Amy K. George; Keith F. Walker; Megan M. Lewis,72.24708,River Research and Applications,2005-03-09,10.1002/rra.846,NULL,Wiley-Blackwell,50,Crossref,"Environmental Science(all),Water Science and Technology,Environmental Chemistry",NA,journal-article,http://dx.doi.org/10.1002/rra.846,2-3,21
"Evaluation of river basin restoration options by the application of the Water Framework Directive Explorer in the Zwalm River basin (Flanders, Belgium)",Ans M. Mouton; Herman Van Der Most; Ad Jeuken; Peter L. M. Goethals; Niels De Pauw,72.152695,River Research and Applications,2008-03-25,10.1002/rra.1106,NULL,Wiley-Blackwell,63,Crossref,"Environmental Science(all),Water Science and Technology,Environmental Chemistry",NA,journal-article,http://dx.doi.org/10.1002/rra.1106,1,25
Assessing the quality of riparian areas: the case of River Ecosystem Quality Index applied to the Marecchia river (Italy),Riccardo Santolini; Elisa Morri; Giovanni Pasini; Gianfranco Giovagnoli; Christian Morolli; Giampaolo Salmoiraghi,72.152695,International Journal of River Basin Management,2014-08-14,10.1080/15715124.2014.945091,NULL,Informa UK Limited,58,Crossref,Water Science and Technology,NA,journal-article,http://dx.doi.org/10.1080/15715124.2014.945091,1,13
"An Estimate of Basin-Wide Denitrification Based on Floodplain Inundation in the Atchafalaya River Basin, Louisiana",M. G. Bennett; K. A. Fritz; A. Hayden-Lesmeister; J. P. Kozak; A. Nickolotsky,72.152695,River Research and Applications,2014-10-22,10.1002/rra.2854,NULL,Wiley-Blackwell,67,Crossref,"Environmental Science(all),Water Science and Technology,Environmental Chemistry",ATCHAFALAYA RIVER DENITRIFICATION MODEL,journal-article,http://dx.doi.org/10.1002/rra.2854,3,32
"Water-Quality Assessment of the Lower Grand River Basin, Missouri and Iowa, USA, in Support of Integrated Conservation Practices",D.  H. Wilkison; D.  J. Armstrong,72.152695,River Research and Applications,2015-03-16,10.1002/rra.2887,NULL,Wiley-Blackwell,48,Crossref,"Environmental Science(all),Water Science and Technology,Environmental Chemistry",Water Quality of the Lower Grand River Basin,journal-article,http://dx.doi.org/10.1002/rra.2887,4,32
"Conservation of a river for biodiversity and ecosystem services: the case of the Halda – the unique river of Chittagong, Bangladesh",Humayain Kabir; Manzoorul Kibria; Mohammed Jashimuddin; Mohammad Mosharraf Hossain,72.152695,International Journal of River Basin Management,2015-04-02,10.1080/15715124.2015.1012514,"list(DOI = ""10.13039/100004946"", name = ""Department of Natural Resources"", doi.asserted.by = ""crossref"")",Informa UK Limited,42,Crossref,Water Science and Technology,NA,journal-article,http://dx.doi.org/10.1080/15715124.2015.1012514,3,13
"Investigation of river flow alterations using environmental flow assessment and hydrologic indices: Tajan River Watershed, Iran",M. Reza Ghanbarpour; Somayeh Zolfaghari; Christoph Geiss; Zahra Darvari,72.152695,International Journal of River Basin Management,2013-07-11,10.1080/15715124.2013.823978,NULL,Informa UK Limited,30,Crossref,Water Science and Technology,NA,journal-article,http://dx.doi.org/10.1080/15715124.2013.823978,3,11
"Distributed rainfall-runoff simulation for an unclosed river basin with complex river system: a case study of lower reach of the Wei River, China",D. Peng; Z. Xu; L. Qiu; W. Zhao,72.152695,Journal of Flood Risk Management,2014-07-04,10.1111/jfr3.12121,NULL,Wiley-Blackwell,24,Crossref,"Geography, Planning and Development,Environmental Engineering,Safety, Risk, Reliability and Quality,Water Science and Technology",Rainfall-runoff simulation for unclosed river basin,journal-article,http://dx.doi.org/10.1111/jfr3.12121,2,9
Fish community structure in natural and engineered habitats in the Kansas River,Katherine White; Joseph Gerken; Craig Paukert; Andrew Makinster,71.87625,River Research and Applications,2009-07-01,10.1002/rra.1287,NULL,Wiley-Blackwell,44,Crossref,"Environmental Science(all),Water Science and Technology,Environmental Chemistry",NA,journal-article,http://dx.doi.org/10.1002/rra.1287,7,26
"Biogeomorphic characterization of floodplain forest change in response to reduced flows along the Apalachicola River, Florida",J. Anthony Stallins; Michael Nesius; Matt Smith; Kelly Watson,71.59095,River Research and Applications,2009-04-06,10.1002/rra.1251,NULL,Wiley-Blackwell,77,Crossref,"Environmental Science(all),Water Science and Technology,Environmental Chemistry",NA,journal-article,http://dx.doi.org/10.1002/rra.1251,NA,NA
"Anastomosing river system along the subsiding middle Yangtze River basin, southern China",Suiji Wang; Zhongyuan Chen; Derald G. Smith,71.07764,CATENA,2005-01-05,10.1016/j.catena.2004.11.007,NULL,Elsevier BV,39,Crossref,Earth-Surface Processes,NA,journal-article,http://dx.doi.org/10.1016/j.catena.2004.11.007,2,60
"Morphometric and sediment source characterization of the Alaknanda river basin, headwaters of river Ganga, India",S. Panwar; V. Agarwal; G. J. Chakrapani,71.07764,Natural Hazards,2017-03-27,10.1007/s11069-017-2838-y,NULL,Springer Nature,68,Crossref,"Earth and Planetary Sciences (miscellaneous),Atmospheric Science,Water Science and Technology",NA,journal-article,http://dx.doi.org/10.1007/s11069-017-2838-y,NA,NA
"Sediment balance and delivery in a humid tropical urban river basin: The Kelang River, Malaysia",G. Balamurugan,71.07764,CATENA,2003-08-06,10.1016/0341-8162(91)90026-t,NULL,Elsevier BV,56,Crossref,Earth-Surface Processes,NA,journal-article,http://dx.doi.org/10.1016/0341-8162(91)90026-t,3-4,18
"Density of Atlantic salmon, Salmo salar L., smolts in the river Orkla, a large river in central Norway",E. GARNÅS; N. A. HVIDSTEN,70.827835,Aquaculture Research,2008-04-21,10.1111/j.1365-2109.1985.tb00079.x,NULL,Wiley-Blackwell,22,Crossref,Aquatic Science,NA,journal-article,http://dx.doi.org/10.1111/j.1365-2109.1985.tb00079.x,4,16
Tracking Change in the Illinois River using Stable Isotopes in Modern and Ancient Fishes,R. B. Brugam; K. Little; L. Kohn; P. Brunkow; G. Vogel; T. Martin,70.58493,River Research and Applications,2016-10-13,10.1002/rra.3099,NULL,Wiley-Blackwell,49,Crossref,"Environmental Science(all),Water Science and Technology,Environmental Chemistry",Tracking Change in the Illinois River Using Ancient Fish Remains,journal-article,http://dx.doi.org/10.1002/rra.3099,3,33
Spatial patterns of fish communities in the Upper Mississippi River System: assessing fragmentation by low-head dams,John H. Chick; Mark A. Pegg; Todd M. Koel,70.270874,River Research and Applications,2006-02-21,10.1002/rra.912,NULL,Wiley-Blackwell,44,Crossref,"Environmental Science(all),Water Science and Technology,Environmental Chemistry",NA,journal-article,http://dx.doi.org/10.1002/rra.912,4,22
"Integrating Hydrological Modelling and Ecosystem Functioning for Environmental Flows in Climate Change Scenarios in the Zambezi River (Zambezi Region, Namibia)",NaN,70.1067,River Research and Applications,2016-07-11,10.1002/rra.3058,NULL,Wiley-Blackwell,69,Crossref,"Environmental Science(all),Water Science and Technology,Environmental Chemistry",Environmental Flows in Climate Change Scenarios for Zambezi River,journal-article,http://dx.doi.org/10.1002/rra.3058,2,33
"Pikeperch,Sander luciopercaInvasion in the Neretva River Watershed (Bosnia and Herzegovina, Croatia) After Alteration of River Flow",J. Pavličević; L. Glamuzina; A. Conides; N. Savić; I. Rozić; D. Klaoudatos; A. Kazić; B. Glamuzina,69.99865,River Research and Applications,2015-06-16,10.1002/rra.2923,"list(name = ""Kansas Department of Wildlife, Parks and Tourism"")",Wiley-Blackwell,32,Crossref,"Environmental Science(all),Water Science and Technology,Environmental Chemistry",Pikeperch Invasion in Neretva River,journal-article,http://dx.doi.org/10.1002/rra.2923,5,32
"Predicting Floodplain Hypoxia in the Atchafalaya River, Louisiana, USA, a Large, Regulated Southern Floodplain River System",T. E. Pasco; M. D. Kaller; R. Harlan; W. E. Kelso; D. A. Rutherford; S. Roberts,69.99865,River Research and Applications,2015-04-11,10.1002/rra.2903,"list(DOI = ""10.13039/501100003549"", name = ""Országos Tudományos Kutatási Alapprogramok"", doi.asserted.by = ""publisher"", award = ""104279"")",Wiley-Blackwell,68,Crossref,"Environmental Science(all),Water Science and Technology,Environmental Chemistry",Floodplain Hypoxia in the Atchafalaya River,journal-article,http://dx.doi.org/10.1002/rra.2903,5,32
A numerical tool to integrate biophysical diversity of a large regulated river: hydrobiogeochemical bases. The case of the Garonne River (France),S. Sauvage; S. Teissier; P. Vervier; T. Améziane; F. Garabétian; F. Delmas; B. Caussade,69.99865,River Research and Applications,2003-03-18,10.1002/rra.698,NULL,Wiley-Blackwell,40,Crossref,"Environmental Science(all),Water Science and Technology,Environmental Chemistry",A NUMERICAL TOOL TO INTEGRATE BIOPHYSICAL DIVERSITY OF A LARGE REGULATED RIVER,journal-article,http://dx.doi.org/10.1002/rra.698,2,19
River flow and ocean temperatures: The Congo River,R. H. White; R. Toumi,69.87729,Journal of Geophysical Research: Oceans,2014-04-07,10.1002/2014jc009836,NULL,Wiley-Blackwell,43,Crossref,NA,NA,journal-article,http://dx.doi.org/10.1002/2014jc009836,4,119
"The influence of river regulation and land use on floodplain forest regeneration in the semi-arid upper Colorado River Basin, USA",Krista Northcott; Douglas C. Andersen; David J. Cooper,69.70935,River Research and Applications,2007-03-09,10.1002/rra.1007,NULL,Wiley-Blackwell,41,Crossref,"Environmental Science(all),Water Science and Technology,Environmental Chemistry",NA,journal-article,http://dx.doi.org/10.1002/rra.1007,6,23
Limited capacity of river corridor wetlands to remove nitrate: A case study on the Atchafalaya River Basin during the 2011 Mississippi River Flooding,April BryantMason; Y. Jun Xu; Mark A. Altabet,69.70935,Water Resources Research,2012-11-22,10.1029/2012wr012185,NULL,Wiley-Blackwell,50,Crossref,Water Science and Technology,LIMITED CAPACITY OF RIVER CORRIDOR WETLAND TO REMOVE NITRATE,journal-article,http://dx.doi.org/10.1029/2012wr012185,1,49
"Oxbow Lakes as Indicators of River Channel Change: Leaf River, Mississippi, USA",James Rasmussen; Joann Mossa,69.54263,Physical Geography,2011-12-13,10.2747/0272-3646.32.6.497,NULL,Informa UK Limited,29,Crossref,"Earth and Planetary Sciences (miscellaneous),Atmospheric Science,Earth and Planetary Sciences(all),Environmental Science(all)",NA,journal-article,http://dx.doi.org/10.2747/0272-3646.32.6.497,6,32
"Coalescence of late Wisconsinan Cordilleran and Laurentide ice sheets east of the Rocky Mountain Foothills in the Dawson Creek region, northeast British Columbia, Canada",Adrian Scott Hickin; Olav B. Lian; Victor M. Levson,42.623726,Quaternary Research,2016-05-01,10.1016/j.yqres.2016.02.005,NULL,Cambridge University Press (CUP),80,Crossref,"Earth-Surface Processes,Earth and Planetary Sciences(all)",NA,journal-article,http://dx.doi.org/10.1016/j.yqres.2016.02.005,03,85
"Coastal zone management in British Columbia: An institutional comparison with Washington, Oregon, and California",J. C. Day; Don B. Gamble,42.487286,Coastal Management,2008-09-30,10.1080/08920759009362105,NULL,Informa UK Limited,66,Crossref,"Earth and Planetary Sciences(all),Environmental Science(all),Environmental Chemistry",NA,journal-article,http://dx.doi.org/10.1080/08920759009362105,2,18
"Geomorphology and Late Wisconsinan sedimentation in the Stikine River Valley, northern British Columbia",I.S Spooner; G.D Osborn,40.60031,Quaternary International,2002-07-25,10.1016/s1040-6182(00)00051-3,NULL,Elsevier BV,33,Crossref,Earth-Surface Processes,NA,journal-article,http://dx.doi.org/10.1016/s1040-6182(00)00051-3,NA,68-71
"Impact and uncertainties of climate change on the hydrology of the Mara River basin, Kenya/Tanzania",Shimelis Behailu Dessu; Assefa Mekonnen Melesse,39.336906,Hydrological Processes,2012-06-04,10.1002/hyp.9434,NULL,Wiley-Blackwell,48,Crossref,Water Science and Technology,MARA RIVER BASIN: CLIMATE CHANGE AND HYDROLOGY,journal-article,http://dx.doi.org/10.1002/hyp.9434,NA,NA
"Modelling the potential impacts of climate change on hydrology of the Bago River Basin, Myanmar",Sangam Shrestha; Aung Ye Htut,39.155342,International Journal of River Basin Management,2016-03-16,10.1080/15715124.2016.1164177,NULL,Informa UK Limited,45,Crossref,Water Science and Technology,NA,journal-article,http://dx.doi.org/10.1080/15715124.2016.1164177,3,14
Impact of climate change on streamflow in the arid Shiyang River Basin of northwest China,Zhonggen Wang; Darren L. Ficklin; Yongyong Zhang; Minghua Zhang,38.84738,Hydrological Processes,2011-11-03,10.1002/hyp.8378,NULL,Wiley-Blackwell,52,Crossref,Water Science and Technology,IMPACT OF CLIMATE CHANGE,journal-article,http://dx.doi.org/10.1002/hyp.8378,18,26
"Simulation of Climate Change Effects on Hydropower Operations in Mountain Headwater Lakes, New Zealand",NaN,38.30857,River Research and Applications,2016-07-18,10.1002/rra.3056,NULL,Wiley-Blackwell,64,Crossref,"Environmental Science(all),Water Science and Technology,Environmental Chemistry",Climate Change Effects on Hydropower,journal-article,http://dx.doi.org/10.1002/rra.3056,1,33
"Impacts of climate change on hydrological processes in the headwater catchment of the Tarim River basin, China",Zhaofei Liu; Zongxue Xu; Junxiong Huang; Stephen P. Charles; Guobin Fu,36.85289,Hydrological Processes,2009-11-13,10.1002/hyp.7493,NULL,Wiley-Blackwell,46,Crossref,Water Science and Technology,NA,journal-article,http://dx.doi.org/10.1002/hyp.7493,NA,NA
"Statistically Downscaled Climate Change Projections for the Animas River Basin, Colorado, USA",C. Andrew Day,36.814674,Mountain Research and Development,2013-03-11,10.1659/mrd-journal-d-12-00067.1,NULL,International Mountain Society (IMS) and United Nations University,39,Crossref,"Environmental Science(all),Environmental Chemistry",NA,journal-article,http://dx.doi.org/10.1659/mrd-journal-d-12-00067.1,1,33
"Effect of climate variability and human activities on runoff in the Jinghe River Basin, Northwest China",Jun-qiang Yao; Qiu-dong Zhao; Zhi-hui Liu,36.380154,Journal of Mountain Science,2015-03-23,10.1007/s11629-014-3087-0,NULL,Springer Nature,46,Crossref,"Earth-Surface Processes,Geography, Planning and Development,Global and Planetary Change,Geology,Nature and Landscape Conservation",NA,journal-article,http://dx.doi.org/10.1007/s11629-014-3087-0,2,12
Relative effects of human activities and climate change on the river runoff in an arid basin in northwest China,Wen Dong; Baoshan Cui; Zhihui Liu; Kejiang Zhang,36.00256,Hydrological Processes,2013-07-22,10.1002/hyp.9982,NULL,Wiley-Blackwell,64,Crossref,Water Science and Technology,EFFECTS OF HUMAN ACTIVITIES AND CLIMATE CHANGE ON RIVER RUNOFF,journal-article,http://dx.doi.org/10.1002/hyp.9982,18,28
"Significance of trends toward earlier snowmelt runoff, Columbia and Missouri Basin headwaters, western United States",Johnnie N. Moore; Joel T. Harper; Mark C. Greenwood,35.768505,Geophysical Research Letters,2007-08-20,10.1029/2007gl031022,NULL,Wiley-Blackwell,23,Crossref,"Earth and Planetary Sciences(all),Geophysics",EARLIER SNOWMELT RUNOFF IN WESTERN U.S.,journal-article,http://dx.doi.org/10.1029/2007gl031022,16,34
"Hydrologic effects of climate change in a sub-basin of the Western Bug River, Western Ukraine",S. Fischer; T. Pluntke; D. Pavlik; C. Bernhofer,35.106625,Environmental Earth Sciences,2014-04-21,10.1007/s12665-014-3256-z,NULL,Springer Nature,44,Crossref,NA,NA,journal-article,http://dx.doi.org/10.1007/s12665-014-3256-z,12,72
"Effects of climate change on water resources in Tarim River Basin, Northwest China",Ya-ning CHEN; Wei-hong LI; Chang-chun XU; Xin-ming HAO,34.4962,Journal of Environmental Sciences,2007-05-17,10.1016/s1001-0742(07)60082-5,NULL,Elsevier BV,9,Crossref,"Environmental Engineering,Environmental Science(all),Environmental Chemistry",NA,journal-article,http://dx.doi.org/10.1016/s1001-0742(07)60082-5,4,19
Modelling hydrological response to different land‐use and climate change scenarios in the Zamu River basin of northwest China,Sufen Wang; Shaozhong Kang; Lu Zhang; Fusheng Li,34.4962,Hydrological Processes,2007-10-22,10.1002/hyp.6846,NULL,Wiley-Blackwell,39,Crossref,Water Science and Technology,NA,journal-article,http://dx.doi.org/10.1002/hyp.6846,14,22
"Hydrological Impacts of Land Use Change and Climate Variability in the Headwater Region of the Heihe River Basin, Northwest China",Ling Zhang; Zhuotong Nan; Yi Xu; Shuo Li,34.489975,PLOS ONE,2016-06-27,10.1371/journal.pone.0158394,NULL,Public Library of Science (PLoS),98,Crossref,"Biochemistry, Genetics and Molecular Biology(all),Agricultural and Biological Sciences(all),Medicine(all)",NA,journal-article,http://dx.doi.org/10.1371/journal.pone.0158394,6,11
"Indigenous Observations of Climate Change in the Lower Yukon River Basin, Alaska",Nicole Herman-Mercer; Paul Schuster; Karonhiakt'tie Maracle,34.410492,Human Organization,2015-04-30,10.17730/humo.70.3.v88841235897071m,NULL,Society for Applied Anthropology,33,Crossref,"Social Sciences(all),Anthropology",NA,journal-article,http://dx.doi.org/10.17730/humo.70.3.v88841235897071m,3,70
Long-term trend analysis in climate variables and agricultural adaptation strategies to climate change in the Senegal River Basin,Koffi Djaman; Alpha B. Balde; Daran R. Rudnick; Ousmane Ndiaye; Suat Irmak,34.326572,International Journal of Climatology,2016-10-07,10.1002/joc.4885,NULL,Wiley-Blackwell,126,Crossref,Atmospheric Science,LONG-TERM CLIMATE VARIABLES AND ADAPTATION CHANGE IN THE SENEGAL RIVER BASIN,journal-article,http://dx.doi.org/10.1002/joc.4885,NA,NA
A stochastic‐dynamic modelling of mountain river watersheds of NE Portugal,Naim Haie; Edna Cabecinha,34.139885,International Journal of River Basin Management,2010-08-24,10.1080/15715124.2003.9635207,NULL,Informa UK Limited,36,Crossref,Water Science and Technology,NA,journal-article,http://dx.doi.org/10.1080/15715124.2003.9635207,3,1
A distributed runoff model for inland mountainous river basin of Northwest China,Chen Rensheng; Kang Ersi; Yang Jianping; Zhang Jishi,33.257248,Journal of Geographical Sciences,2008-02-21,10.1007/bf02837512,NULL,Springer Nature,28,Crossref,Earth and Planetary Sciences (miscellaneous),NA,journal-article,http://dx.doi.org/10.1007/bf02837512,3,13
"Climate change impacts on multi-objective reservoir management: case study on the Seine River basin, France",David Dorchies; Guillaume Thirel; Maxime Jay-Allemand; Mathilde Chauveau; Florine Dehay; Pierre-Yves Bourgin; Charles Perrin; Claudine Jost; Jean-Louis Rizzoli; Stéphane Demerliac; Régis Thépot,33.183865,International Journal of River Basin Management,2013-11-19,10.1080/15715124.2013.865636,NULL,Informa UK Limited,32,Crossref,Water Science and Technology,NA,journal-article,http://dx.doi.org/10.1080/15715124.2013.865636,NA,NA
"Sub-basin scale characterization of climate change vulnerability, impacts and adaptation in an Indian River basin",Ajay Gajanan Bhave; Ashok Mishra; Annemarie Groot,33.15692,Regional Environmental Change,2013-02-12,10.1007/s10113-013-0416-8,NULL,Springer Nature,36,Crossref,Global and Planetary Change,NA,journal-article,http://dx.doi.org/10.1007/s10113-013-0416-8,5,13
"Analyses of the impact of climate change on water resources components, drought and wheat yield in semiarid regions: Karkheh River Basin in Iran",S. Ashraf Vaghefi; S. J. Mousavi; K. C. Abbaspour; R. Srinivasan; H. Yang,32.940926,Hydrological Processes,2013-02-21,10.1002/hyp.9747,NULL,Wiley-Blackwell,50,Crossref,Water Science and Technology,Impact of climate change on water resources of Karkheh River Basin,journal-article,http://dx.doi.org/10.1002/hyp.9747,4,28
"Trends in Monthly Temperature and Precipitation Extremes in the Zhujiang River Basin, South China (1961-2007)",Fischer Thomas; Gemmer Marco; Liu Lüliu; Su Buda,32.940926,Advances in Climate Change Research,2013-05-21,10.3724/sp.j.1248.2012.00063,NULL,Elsevier BV,21,Crossref,NA,"Trends in Monthly Temperature and Precipitation Extremes in the Zhujiang River Basin, South China (1961-2007)",journal-article,http://dx.doi.org/10.3724/sp.j.1248.2012.00063,2,1
"Applying numerical method to understand the effect of climate change on the salinity intrusion in Ca River Basin, Vietnam",Q.T. Doan; N. C. Don; Y.C. Chen; P.K. Mishra,32.940926,Lowland Technology International,2016-07-08,10.14247/lti.17.2_93,NULL,International Association of Lowland Technology,35,Crossref,Engineering(all),NA,journal-article,http://dx.doi.org/10.14247/lti.17.2_93,2,17
"Climate Change Impacts on Water Resources in the Upper Blue Nile River Basin, Ethiopia1
",Ungtae Kim; Jagath J. Kaluarachchi,32.940926,JAWRA Journal of the American Water Resources Association,2009-09-29,10.1111/j.1752-1688.2009.00369.x,NULL,Wiley-Blackwell,58,Crossref,"Earth-Surface Processes,Ecology,Water Science and Technology","Climate
 Change
 Impacts
                        on
 Water
 Resources
                        in the
 Upper
 Blue
 Nile
 River
 Basin
, Ethiopia
",journal-article,http://dx.doi.org/10.1111/j.1752-1688.2009.00369.x,6,45
"Assessing climate change impacts on Upper Grande River Basin hydrology, Southeast Brazil",M. R. Viola; C. R. de Mello; S. C. Chou; S. N. Yanagi; J. L. Gomes,32.940926,International Journal of Climatology,2014-05-12,10.1002/joc.4038,NULL,Wiley-Blackwell,49,Crossref,Atmospheric Science,"CLIMATE CHANGE IMPACTS ON UPPER GRANDE RIVER BASIN HYDROLOGY, BRAZIL",journal-article,http://dx.doi.org/10.1002/joc.4038,6,35
Impacts of climate change on groundwater recharge in Küçük Menderes River Basin in Western Turkey,Ozlem Yagbasan,32.816185,Geodinamica Acta,2016-02-17,10.1080/09853111.2015.1121802,NULL,Informa UK Limited,29,Crossref,"Earth-Surface Processes,Geophysics",NA,journal-article,http://dx.doi.org/10.1080/09853111.2015.1121802,3,28
"Glacial runoff likely reached peak in the mountainous areas of the Shiyang River Basin, China",Shi-qiang Zhang; Xin Gao; Xiao-wen Zhang,32.771175,Journal of Mountain Science,2015-03-23,10.1007/s11629-014-3077-2,NULL,Springer Nature,53,Crossref,"Earth-Surface Processes,Geography, Planning and Development,Global and Planetary Change,Geology,Nature and Landscape Conservation",NA,journal-article,http://dx.doi.org/10.1007/s11629-014-3077-2,2,12
Assessing the flooding susceptibility of river catchments to extreme rainfall in the United Kingdom,C.G. Collier; N.I. Fox,32.498493,International Journal of River Basin Management,2010-08-24,10.1080/15715124.2003.9635209,NULL,Informa UK Limited,54,Crossref,Water Science and Technology,NA,journal-article,http://dx.doi.org/10.1080/15715124.2003.9635209,3,1
"Projection of glacier runoff in Yarkant River basin and Beida River basin, Western China",Shiqiang Zhang; Xin Gao; Xiaowen Zhang; Stefan Hagemann,32.490356,Hydrological Processes,2011-11-09,10.1002/hyp.8373,NULL,Wiley-Blackwell,40,Crossref,Water Science and Technology,Projection glacier runoff in western China,journal-article,http://dx.doi.org/10.1002/hyp.8373,18,26
Fishery resources trends and community‐based management approaches adopted in the river Titas in Bangladesh,M. G. Mustafa,32.48894,International Journal of River Basin Management,2010-08-24,10.1080/15715124.2009.9635376,NULL,Informa UK Limited,15,Crossref,Water Science and Technology,NA,journal-article,http://dx.doi.org/10.1080/15715124.2009.9635376,2,7
"River Discharge Projection under Climate Change in the Chao Phraya River Basin, Thailand, Using the MRI-GCM3.1S Dataset",P. B. HUNUKUMBURA; Yasuto TACHIKAWA,32.428894,Journal of the Meteorological Society of Japan,2012-06-06,10.2151/jmsj.2012-a07,NULL,Meteorological Society of Japan,17,Crossref,Atmospheric Science,NA,journal-article,http://dx.doi.org/10.2151/jmsj.2012-a07,0,90A
"Glacier change and glacier runoff variation in the Tuotuo River basin, the source region of Yangtze River in western China",Yong Zhang; Shiyin Liu; Junli Xu; Donghui Shangguan,32.272346,Environmental Geology,2007-11-29,10.1007/s00254-007-1139-2,NULL,Springer Nature,62,Crossref,"Soil Science,Earth and Planetary Sciences(all),Pollution,Environmental Science(all),Water Science and Technology,Environmental Chemistry",NA,journal-article,http://dx.doi.org/10.1007/s00254-007-1139-2,1,56
"River management, landuse change, and future flood risk in China's Poyang Lake region",David Shankman; Lisa Davis; Jan de Leeuw,32.25593,International Journal of River Basin Management,2010-08-24,10.1080/15715124.2009.9635400,NULL,Informa UK Limited,39,Crossref,Water Science and Technology,NA,journal-article,http://dx.doi.org/10.1080/15715124.2009.9635400,4,7
"Effect of Climate Change on Streamflows in the Mahanadi River Basin, India",Pitta Govinda Rao,32.25265,Water International,2009-01-22,10.1080/02508069508686477,NULL,Informa UK Limited,28,Crossref,"Management, Monitoring, Policy and Law,Water Science and Technology",NA,journal-article,http://dx.doi.org/10.1080/02508069508686477,4,20
Livelihood vulnerability approach to assessing climate change impacts on mixed agro-livestock smallholders around the Gandaki River Basin in Nepal,Jeeban Panthi; Suman Aryal; Piyush Dahal; Parashuram Bhandari; Nir Y. Krakauer; Vishnu Prasad Pandey,32.180386,Regional Environmental Change,2015-07-04,10.1007/s10113-015-0833-y,NULL,Springer Nature,64,Crossref,Global and Planetary Change,NA,journal-article,http://dx.doi.org/10.1007/s10113-015-0833-y,4,16
"Ecological limit functions relating fish community response to hydrologic departures of the ecological flow regime in the Tennessee River basin, United States",Rodney R. Knight; Jennifer C. Murphy; William J. Wolfe; Charles F. Saylor; Amy K. Wales,32.137012,Ecohydrology,2013-11-29,10.1002/eco.1460,NULL,Wiley-Blackwell,92,Crossref,"Earth-Surface Processes,Ecology,Aquatic Science,Ecology, Evolution, Behavior and Systematics",ECOLOGICAL LIMIT FUNCTIONS IN THE TENNESSEE RIVER BASIN,journal-article,http://dx.doi.org/10.1002/eco.1460,NA,NA
"Assessment of hydrologic impacts of climate change in Tunga-Bhadra river basin, India with HEC-HMS and SDSM",R. Meenu; S. Rehana; P. P. Mujumdar,31.848095,Hydrological Processes,2012-01-27,10.1002/hyp.9220,NULL,Wiley-Blackwell,22,Crossref,Water Science and Technology,HYDROLOGIC IMPACTS OF CLIMATE CHANGE,journal-article,http://dx.doi.org/10.1002/hyp.9220,11,27
GIS-supported modelling of areal rainfall in a mountainous river basin with monsoon climate in southern India,JULIE WILK; LOTTA ANDERSSON,31.73378,Hydrological Sciences Journal,2010-02-18,10.1080/02626660009492319,NULL,Informa UK Limited,11,Crossref,Water Science and Technology,NA,journal-article,http://dx.doi.org/10.1080/02626660009492319,2,45
Modern integrated river flood management for climate change in the Netherlands: the IJssel Delta project,Marius Sokolewicz; Teunis Louters; Arjan Otten,31.681278,International Journal of River Basin Management,2011-10-19,10.1080/15715124.2011.607824,NULL,Informa UK Limited,19,Crossref,Water Science and Technology,NA,journal-article,http://dx.doi.org/10.1080/15715124.2011.607824,2,9
Sabo check dams ‐ mountain protection systems in Japan,Hubert Chanson,31.39386,International Journal of River Basin Management,2010-08-24,10.1080/15715124.2004.9635240,NULL,Informa UK Limited,9,Crossref,Water Science and Technology,NA,journal-article,http://dx.doi.org/10.1080/15715124.2004.9635240,4,2
Responses of vegetation to climate change in the headwaters of China’s Yellow River Basin based on zoning of dry and wet climate,Jia-Qiang DU; Jian-Min SHU; Lin-Bo ZHANG; Yang GUO,31.299913,Chinese Journal of Plant Ecology,2011-12-13,10.3724/sp.j.1258.2011.01192,NULL,China Science Publishing & Media Ltd.,34,Crossref,NA,Responses of vegetation to climate change in the headwaters of China’s Yellow River Basin based on zoning of dry and wet climate,journal-article,http://dx.doi.org/10.3724/sp.j.1258.2011.01192,11,35
"Property rights and climate change vulnerability in Turkish forest communities: a case study from Seyhan River Basin, Turkey",Charlotta Chan,31.167568,Climate and Development,2013-01-28,10.1080/17565529.2012.762335,NULL,Informa UK Limited,41,Crossref,NA,NA,journal-article,http://dx.doi.org/10.1080/17565529.2012.762335,1,5
Evaluating the Status and Trends of Physical Stream Habitat in Headwater Streams within the Interior Columbia River and Upper Missouri River Basins Using an Index Approach,Robert Al-Chokhachy; Brett B. Roper; Eric K. Archer,31.079351,Transactions of the American Fisheries Society,2010-07-13,10.1577/t08-221.1,NULL,Informa UK Limited,121,Crossref,Aquatic Science,NA,journal-article,http://dx.doi.org/10.1577/t08-221.1,4,139
Water allocation between states in inter-basin water transfer in India,Anik Bhaduri; Edward B. Barbier,30.939829,International Journal of River Basin Management,2011-09-16,10.1080/15715124.2011.607823,NULL,Informa UK Limited,24,Crossref,Water Science and Technology,NA,journal-article,http://dx.doi.org/10.1080/15715124.2011.607823,2,9
"Climate Change from 1960 to 2000 in the Lancang River Valley, China",He Yunling; Zhang Yiping,30.876747,Mountain Research and Development,2006-08-29,10.1659/0276-4741(2005)025[0341:ccftit]2.0.co;2,NULL,International Mountain Society (IMS) and United Nations University,15,Crossref,"Environmental Science(all),Environmental Chemistry",NA,journal-article,http://dx.doi.org/10.1659/0276-4741(2005)025[0341:ccftit]2.0.co;2,4,25
Forest Dependent Indigenous Communities’ Perception and Adaptation to Climate Change through Local Knowledge in the Protected Area—A Bangladesh Case Study,Habibur Rahman; Khurshed Alam,30.639116,Climate,2016-02-19,10.3390/cli4010012,"list(DOI = c(""10.13039/100007629"", NA, NA), name = c(""Columbia River Inter-Tribal Fish Commission"", ""Bonneville Power Administration"", ""Columbia Basin Fish Accords project""), doi.asserted.by = c(""publisher"", NA, NA), award = c(NA, NA, ""2008-524-00""))",MDPI AG,79,Crossref,NA,NA,journal-article,http://dx.doi.org/10.3390/cli4010012,1,4
Hydrological effects of the increased CO2 and climate change in the Upper Mississippi River Basin using a modified SWAT,Yiping Wu; Shuguang Liu; Omar I. Abdul-Aziz,30.60009,Climatic Change,2011-05-09,10.1007/s10584-011-0087-8,NULL,Springer Nature,66,Crossref,"Atmospheric Science,Global and Planetary Change",NA,journal-article,http://dx.doi.org/10.1007/s10584-011-0087-8,3-4,110
"Change-points in climate extremes in the Zhujiang River Basin, South China, 1961–2007",Thomas Fischer; Marco Gemmer; Lüliu Liu; Buda Su,30.60009,Climatic Change,2011-06-07,10.1007/s10584-011-0123-8,NULL,Springer Nature,40,Crossref,"Atmospheric Science,Global and Planetary Change",NA,journal-article,http://dx.doi.org/10.1007/s10584-011-0123-8,3-4,110
"Response surfaces of vulnerability to climate change: the Colorado River Basin, the High Plains, and California",Romano Foti; Jorge A. Ramirez; Thomas C. Brown,30.60009,Climatic Change,2014-06-28,10.1007/s10584-014-1178-0,NULL,Springer Nature,46,Crossref,"Atmospheric Science,Global and Planetary Change",NA,journal-article,http://dx.doi.org/10.1007/s10584-014-1178-0,3-4,125
Impact of projected climate change on hydrologic regime of the Upper Paraguay River basin,Juan Martín Bravo; Walter Collischonn; Adriano Rolim da Paz; Daniel Allasia; Federico Domecq,30.60009,Climatic Change,2013-06-14,10.1007/s10584-013-0816-2,NULL,Springer Nature,32,Crossref,"Atmospheric Science,Global and Planetary Change",NA,journal-article,http://dx.doi.org/10.1007/s10584-013-0816-2,1,127
Climate change impacts on irrigation water requirements in the Guadalquivir river basin in Spain,J. A. Rodríguez Díaz; E. K. Weatherhead; J. W. Knox; E. Camacho,30.60009,Regional Environmental Change,2007-05-23,10.1007/s10113-007-0035-3,NULL,Springer Nature,31,Crossref,Global and Planetary Change,NA,journal-article,http://dx.doi.org/10.1007/s10113-007-0035-3,3,7
Institutional responses to climate change: opportunities and barriers for adaptation in the Pantanal and the Upper Paraguay River Basin,Antonio Augusto Rossotto Ioris; Carlos Teodoro Irigaray; Pierre Girard,30.60009,Climatic Change,2014-05-07,10.1007/s10584-014-1134-z,NULL,Springer Nature,56,Crossref,"Atmospheric Science,Global and Planetary Change",NA,journal-article,http://dx.doi.org/10.1007/s10584-014-1134-z,1,127
Impact of statistical bias correction on the projected climate change signals of the regional climate model REMO over the Senegal River Basin,Mamadou L. Mbaye; Andreas Haensler; Stefan Hagemann; Amadou T. Gaye; Christopher Moseley; Abel Afouda,30.324177,International Journal of Climatology,2015-09-04,10.1002/joc.4478,NULL,Wiley-Blackwell,45,Crossref,Atmospheric Science,CLIMATE CHANGE SIGNALS OF REMO OVER THE SENEGAL RIVER BASIN,journal-article,http://dx.doi.org/10.1002/joc.4478,4,36
"Comparative study of a physically based distributed hydrological model versus a conceptual hydrological model for assessment of climate change response in the Upper Nile, Baro-Akobo basin: a case study of the Sore watershed, Ethiopia",Asfaw Kebede; Bernd Diekkrüger; Semu A. Moges,30.285465,International Journal of River Basin Management,2014-05-23,10.1080/15715124.2014.917315,NULL,Informa UK Limited,44,Crossref,Water Science and Technology,NA,journal-article,http://dx.doi.org/10.1080/15715124.2014.917315,4,12
Climate change and water resources management in Tuwei river basin of Northwest China,Wang Xiao-jun; Zhang Jian-yun; Wang Jian-hua; He Rui-min; Amgad ElMahdi; Liu Jin-hua; Wang Xin-gong; David King; Shamsuddin Shahid,30.207733,Mitigation and Adaptation Strategies for Global Change,2012-11-08,10.1007/s11027-012-9430-2,NULL,Springer Nature,46,Crossref,"Ecology,Global and Planetary Change",NA,journal-article,http://dx.doi.org/10.1007/s11027-012-9430-2,1,19
"Flood vulnerability assessment in arid areas, Western Saudi Arabia",Ali M. Subyani,30.199915,International Journal of River Basin Management,2012-06-01,10.1080/15715124.2012.688749,NULL,Informa UK Limited,12,Crossref,Water Science and Technology,NA,journal-article,http://dx.doi.org/10.1080/15715124.2012.688749,2,10
"Hydrological Response to Climate Change for Gilgel Abay River, in the Lake Tana Basin - Upper Blue Nile Basin of Ethiopia",Yihun Taddele Dile; Ronny Berndtsson; Shimelis G. Setegn,30.053747,PLoS ONE,2013-10-25,10.1371/journal.pone.0079296,NULL,Public Library of Science (PLoS),64,Crossref,"Biochemistry, Genetics and Molecular Biology(all),Agricultural and Biological Sciences(all),Medicine(all)",NA,journal-article,http://dx.doi.org/10.1371/journal.pone.0079296,10,8
"A multi-state weather generator for daily precipitation for the Torne River basin, northern Sweden/western Finland",David Rayner; Christine Achberger; Deliang Chen,29.968153,Advances in Climate Change Research,2016-07-01,10.1016/j.accre.2016.06.006,NULL,Elsevier BV,46,Crossref,NA,NA,journal-article,http://dx.doi.org/10.1016/j.accre.2016.06.006,1-2,7
"Trophic structure of a fish community along environmental gradients of a subtropical river (Paraitinga River, Upper Tietê River Basin, Brazil)",Katharina Eichbaum Esteves; Ana Valéria Pinto Lobo; Marcos Daniel Renó Faria,29.93211,Hydrobiologia,2007-11-05,10.1007/s10750-007-9172-4,NULL,Springer Nature,61,Crossref,"Aquatic Science,Pollution,Environmental Science(all)",NA,journal-article,http://dx.doi.org/10.1007/s10750-007-9172-4,1,598
"Spatial and temporal patterns of climate variations in the Kaidu River Basin of Xinjiang, Northwest China",A.-H. Fu; Y.N. Chen; W.H. Li; B.F. Li; Y.H. Yang; S.H. Zhang,29.86694,Quaternary International,2013-09-21,10.1016/j.quaint.2013.08.041,NULL,Elsevier BV,33,Crossref,Earth-Surface Processes,NA,journal-article,http://dx.doi.org/10.1016/j.quaint.2013.08.041,NA,311
"The Implication of Climate Signal for Precipitation in the Heihe River Basin, Northwest China",Fei Wang; Jun Niu,29.86694,Advances in Meteorology,2016-07-04,10.1155/2016/1078617,NULL,Hindawi Publishing Corporation,23,Crossref,NA,NA,journal-article,http://dx.doi.org/10.1155/2016/1078617,NA,2016
"Linear and nonlinear characteristics of the runoff response to regional climate factors in the Qira River basin, Xinjiang, Northwest China",Jie Xue; Dongwei Gui,29.86694,PeerJ,2015-07-21,10.7717/peerj.1104,"list(DOI = ""10.13039/501100001809"", name = ""National Natural Science Foundation of China"", doi.asserted.by = ""publisher"", award1 = ""2015QC044"", award2 = ""51309198"", award3 = ""91425302"")",PeerJ,45,Crossref,NA,NA,journal-article,http://dx.doi.org/10.7717/peerj.1104,NA,3
"A Late Pleistocene/Holocene Biotic Community from Marmot End Alcove, Escalante River Basin, Colorado Plateau, USA",Manny Kropf,29.86382,Western North American Naturalist,2010-11-01,10.3398/064.070.0313,NULL,Western North American Naturalist,13,Crossref,"Ecology,Ecology, Evolution, Behavior and Systematics",NA,journal-article,http://dx.doi.org/10.3398/064.070.0313,3,70
Impacts of climate change on streamflow in the Upper Mississippi River Basin: A regional climate model perspective,Manoj Jha,29.854765,Journal of Geophysical Research,2004-05-14,10.1029/2003jd003686,NULL,Wiley-Blackwell,31,Crossref,"Earth and Planetary Sciences (miscellaneous),Space and Planetary Science,Atmospheric Science,Geophysics",NA,journal-article,http://dx.doi.org/10.1029/2003jd003686,D9,109
"The impact of climate change on the Niger River Basin hydroclimatology, West Africa",Philip G. Oguntunde; Babatunde J. Abiodun,29.854765,Climate Dynamics,2012-08-27,10.1007/s00382-012-1498-6,NULL,Springer Nature,54,Crossref,Atmospheric Science,NA,journal-article,http://dx.doi.org/10.1007/s00382-012-1498-6,1-2,40
Evaluating climate change over the Colorado River basin using regional climate models,Yanhong Gao; Julie A. Vano; Chunmei Zhu; Dennis P. Lettenmaier,29.854765,Journal of Geophysical Research,2011-07-06,10.1029/2010jd015278,NULL,Wiley-Blackwell,58,Crossref,"Earth and Planetary Sciences (miscellaneous),Space and Planetary Science,Atmospheric Science,Geophysics",NA,journal-article,http://dx.doi.org/10.1029/2010jd015278,D13,116
"Change in Heavy Rainfall Characteristics over the Ouémé River Basin, Benin Republic, West Africa",Jean Hounkpè; Bernd Diekkrüger; Djigbo Badou; Abel Afouda,29.854765,Climate,2016-03-04,10.3390/cli4010015,NULL,MDPI AG,49,Crossref,NA,NA,journal-article,http://dx.doi.org/10.3390/cli4010015,1,4
Application of downscaled precipitation for hydrological climate-change impact assessment in the upper Ping River Basin of Thailand,Devesh Sharma; Mukand S. Babel,29.854765,Climate Dynamics,2013-05-13,10.1007/s00382-013-1788-7,NULL,Springer Nature,31,Crossref,Atmospheric Science,NA,journal-article,http://dx.doi.org/10.1007/s00382-013-1788-7,9-10,41
"Climate change scenarios of surface solar radiation in data sparse regions: a case study in Malaprabha River Basin, India",A Anandhi; VV Srinivas; D Nagesh Kumar; RS Nanjundiah; PH Gowda,29.854765,Climate Research,2013-08-01,10.3354/cr01180,NULL,Inter-Research Science Center,49,Crossref,"Atmospheric Science,Environmental Science(all),Environmental Chemistry",NA,journal-article,http://dx.doi.org/10.3354/cr01180,3,59
"Applying Downscaled Global Climate Model Data to a Groundwater Model of the Suwannee River Basin, Florida, USA",Eric Swain; J. Hal Davis,29.854765,American Journal of Climate Change,2016-11-18,10.4236/ajcc.2016.54037,NULL,"Scientific Research Publishing, Inc,",22,Crossref,NA,NA,journal-article,http://dx.doi.org/10.4236/ajcc.2016.54037,04,05
"Headwater Streams of Florida: Types, Distribution and a Framework for Conservation",W. R. White; T. L. Crisman,29.770481,River Research and Applications,2014-10-08,10.1002/rra.2845,NULL,Wiley-Blackwell,41,Crossref,"Environmental Science(all),Water Science and Technology,Environmental Chemistry",HEADWATER STREAMS OF FLORIDA,journal-article,http://dx.doi.org/10.1002/rra.2845,3,32
Surface Water and Energy Budgets over the Mississippi and Columbia River Basins as Simulated by Two Generations of the Canadian Regional Climate Model,Raphaël Brochu; René Laprise,29.64318,ATMOSPHERE-OCEAN,2007-04-27,10.3137/ao.v450102,NULL,Informa UK Limited,44,Crossref,"Atmospheric Science,Oceanography",NA,journal-article,http://dx.doi.org/10.3137/ao.v450102,1,45
Surface Water and Energy Budgets over the Mississippi and Columbia River Basins as Simulated by Two Generations of the Canadian Regional Climate Model,Raphaël Brochu; René Laprise,29.64318,ATMOSPHERE-OCEAN,2007-05-08,10.3137/ao.450102,NULL,Informa UK Limited,44,Crossref,"Atmospheric Science,Oceanography",NA,journal-article,http://dx.doi.org/10.3137/ao.450102,1,45
A method to study the impact of climate change on variability of river flow: an example from the Guadalupe River in Texas,Yongsheng Xu; Zong-Liang Yang,29.59414,Climatic Change,2012-03-28,10.1007/s10584-011-0366-4,NULL,Springer Nature,37,Crossref,"Atmospheric Science,Global and Planetary Change",NA,journal-article,http://dx.doi.org/10.1007/s10584-011-0366-4,3-4,113
"Effect of climate change on runoff in a basin with mountain permafrost, northwest China",Jingshi Liu; Siyuan Wang; Yuying Huang,29.555508,Permafrost and Periglacial Processes,2007-12-03,10.1002/ppp.602,NULL,Wiley-Blackwell,20,Crossref,Earth-Surface Processes,NA,journal-article,http://dx.doi.org/10.1002/ppp.602,4,18
"Assessment of future water availability under the changing climate: case study of Klang River Basin, Malaysia",Yee Cai Goh; Zurina Zainol; Mohd Zaki Mat Amin,29.542923,International Journal of River Basin Management,2015-07-30,10.1080/15715124.2015.1068178,NULL,Informa UK Limited,22,Crossref,Water Science and Technology,NA,journal-article,http://dx.doi.org/10.1080/15715124.2015.1068178,1,14
"A comparison of statistical downscaling and climate change factor methods: impacts on low flows in the River Thames, United Kingdom",Jacqueline Diaz-Nieto; Robert L. Wilby,29.533983,Climatic Change,2005-05-03,10.1007/s10584-005-1157-6,NULL,Springer Nature,46,Crossref,"Atmospheric Science,Global and Planetary Change",NA,journal-article,http://dx.doi.org/10.1007/s10584-005-1157-6,2-3,69
"Land use/cover change at Infraz watershed by using GIS and remote sensing techniques, northwestern Ethiopia",Amare Sewnet,29.509907,International Journal of River Basin Management,2015-11-23,10.1080/15715124.2015.1095199,NULL,Informa UK Limited,28,Crossref,Water Science and Technology,NA,journal-article,http://dx.doi.org/10.1080/15715124.2015.1095199,2,14
Regional changes in nitrate loadings in the Upper Mississippi River Basin under predicted mid-century climate,Manoj K. Jha; Philip W. Gassman; Yiannis Panagopoulos,29.490244,Regional Environmental Change,2013-10-01,10.1007/s10113-013-0539-y,NULL,Springer Nature,20,Crossref,Global and Planetary Change,NA,journal-article,http://dx.doi.org/10.1007/s10113-013-0539-y,3,15
"Assessment of CMIP3 climate models and projected changes of precipitation and temperature in the Yangtze River Basin, China",Hui Tao; Marco Gemmer; Jiahu Jiang; Xijun Lai; Zengxin Zhang,29.490244,Climatic Change,2011-07-11,10.1007/s10584-011-0144-3,NULL,Springer Nature,52,Crossref,"Atmospheric Science,Global and Planetary Change",NA,journal-article,http://dx.doi.org/10.1007/s10584-011-0144-3,3-4,111
Bottom-up climate risk assessment of infrastructure investment in the Niger River Basin,Y. B. Ghile; M. Ü. Taner; C. Brown; J. G. Grijsen; Amal Talbi,29.490244,Climatic Change,2013-11-16,10.1007/s10584-013-1008-9,NULL,Springer Nature,40,Crossref,"Atmospheric Science,Global and Planetary Change",NA,journal-article,http://dx.doi.org/10.1007/s10584-013-1008-9,1-2,122
Climate trends and impacts on crop production in the Koshi River basin of Nepal,Dinesh Bhatt; Shreedhar Maskey; Mukand S. Babel; Stefan Uhlenbrook; Krishna C. Prasad,29.490244,Regional Environmental Change,2013-12-24,10.1007/s10113-013-0576-6,NULL,Springer Nature,48,Crossref,Global and Planetary Change,NA,journal-article,http://dx.doi.org/10.1007/s10113-013-0576-6,4,14
Hydrologic sensitivity of Indian sub-continental river basins to climate change,Vimal Mishra; Rajtantra Lilhare,29.415817,Global and Planetary Change,2016-01-21,10.1016/j.gloplacha.2016.01.003,NULL,Elsevier BV,93,Crossref,"Global and Planetary Change,Oceanography",NA,journal-article,http://dx.doi.org/10.1016/j.gloplacha.2016.01.003,NA,139
Assessing the Performance of Multiple Regional Climate Model Simulations for Seasonal Mountain Snow in the Upper Colorado River Basin,Nadine Salzmann; Linda O. Mearns,29.380867,Journal of Hydrometeorology,2011-11-22,10.1175/2011jhm1371.1,NULL,American Meteorological Society,62,Crossref,Atmospheric Science,NA,journal-article,http://dx.doi.org/10.1175/2011jhm1371.1,2,13
"Basin Hydrologic Response to Changes in Climate and Land Use: the Conestoga River Basin, Pennsylvania",Heejun Chang,29.354174,Physical Geography,2008-01-15,10.2747/0272-3646.24.3.222,NULL,Informa UK Limited,70,Crossref,"Earth and Planetary Sciences (miscellaneous),Atmospheric Science,Earth and Planetary Sciences(all),Environmental Science(all)",NA,journal-article,http://dx.doi.org/10.2747/0272-3646.24.3.222,3,24
"Non-indigenous benthic fishes as new hosts forBucephalus polymorphusBaer, 1827 (Digenea: Bucephalidae) in the Vistula River basin, Poland",Y. Kvach; K. Mierzejewska,29.282124,Knowledge and Management of Aquatic Ecosystems,2011-02-02,10.1051/kmae/2010034,NULL,EDP Sciences,23,Crossref,"Ecology,Aquatic Science,Management, Monitoring, Policy and Law,Water Science and Technology,Nature and Landscape Conservation",NA,journal-article,http://dx.doi.org/10.1051/kmae/2010034,400,NA
Impact on Water Resources in a Mountainous Basin under the Climate Change Transient Scenario (UKTR),E. A. Baltas,29.260313,American Journal of Climate Change,2014-03-21,10.4236/ajcc.2014.31010,NULL,"Scientific Research Publishing, Inc,",19,Crossref,NA,NA,journal-article,http://dx.doi.org/10.4236/ajcc.2014.31010,01,03
"Water Resource Management in Dry Zonal Paddy Cultivation in Mahaweli River Basin, Sri Lanka: An Analysis of Spatial and Temporal Climate Change Impacts and Traditional Knowledge",Sisira Withanachchi; Sören Köpke; Chandana Withanachchi; Ruwan Pathiranage; Angelika Ploeger,29.179525,Climate,2014-11-18,10.3390/cli2040329,NULL,MDPI AG,79,Crossref,NA,NA,journal-article,http://dx.doi.org/10.3390/cli2040329,4,2
"Statistical Seasonal Rainfall Forecast in the Neuquén River Basin (Comahue Region, Argentina)",Marcela González,29.157167,Climate,2015-05-29,10.3390/cli3020349,NULL,MDPI AG,22,Crossref,NA,NA,journal-article,http://dx.doi.org/10.3390/cli3020349,2,3
Hydro-Climatic Variability in the Karnali River Basin of Nepal Himalaya,Kabi Khatiwada; Jeeban Panthi; Madan Shrestha; Santosh Nepal,29.157167,Climate,2016-03-23,10.3390/cli4020017,NULL,MDPI AG,55,Crossref,NA,NA,journal-article,http://dx.doi.org/10.3390/cli4020017,2,4
"Seasonal drought ensemble predictions based on multiple climate models in the upper Han River Basin, China",Feng Ma; Aizhong Ye; Qingyun Duan,29.157167,Climate Dynamics,2017-03-11,10.1007/s00382-017-3577-1,NULL,Springer Nature,53,Crossref,Atmospheric Science,NA,journal-article,http://dx.doi.org/10.1007/s00382-017-3577-1,NA,NA
"Relations between basin characteristics and stream water chemistry in alpine/subalpine basins in Rocky Mountain National Park, Colorado",David W. Clow; Julie K. Sueker,29.107342,Water Resources Research,2002-09-17,10.1029/1999wr900294,NULL,Wiley-Blackwell,35,Crossref,Water Science and Technology,NA,journal-article,http://dx.doi.org/10.1029/1999wr900294,1,36
"Exotic Plant Colonization and Occupancy Within Riparian Areas of the Interior Columbia River and Upper Missouri River Basins, USA",Robert Al-Chokhachy; Andrew M. Ray; Brett B. Roper; Eric Archer,29.09934,Wetlands,2013-03-18,10.1007/s13157-013-0399-8,NULL,Springer Nature,115,Crossref,"Ecology,Environmental Science(all),Environmental Chemistry",NA,journal-article,http://dx.doi.org/10.1007/s13157-013-0399-8,3,33
Water governance and river basin management: comparative experiences from Nigeria and Tanzania,Tom Franks; Hassan Bdliya; Lawrence Mbuya,29.050264,International Journal of River Basin Management,2011-06-13,10.1080/15715124.2011.591292,NULL,Informa UK Limited,21,Crossref,Water Science and Technology,NA,journal-article,http://dx.doi.org/10.1080/15715124.2011.591292,2,9
"Spatial and temporal drought analysis in the Kansabati river basin, India",NaN,29.050264,International Journal of River Basin Management,2010-08-24,10.1080/15715124.2005.9635243,NULL,Informa UK Limited,40,Crossref,Water Science and Technology,NA,journal-article,http://dx.doi.org/10.1080/15715124.2005.9635243,1,3
"Sediment yield in Paraopeba River Basin – MG, Brazil",Matheus Fonseca Duraes; Carlos Rogério de Mello; Samuel Beskow,29.050264,International Journal of River Basin Management,2016-04-01,10.1080/15715124.2016.1159571,NULL,Informa UK Limited,69,Crossref,Water Science and Technology,NA,journal-article,http://dx.doi.org/10.1080/15715124.2016.1159571,4,14
"Assessment of suspended sediment discharge in the Purus River basin, Brazil",Marcelo Latuf; Eufran Amaral,29.050264,International Journal of River Basin Management,2016-08-03,10.1080/15715124.2016.1215322,NULL,Informa UK Limited,39,Crossref,Water Science and Technology,NA,journal-article,http://dx.doi.org/10.1080/15715124.2016.1215322,4,14
"Temporal–Spatial Climate Variability in the Headwater Drainage Basins of the Yangtze River and Yellow River, China",Yan-Fang Sang; Zhonggen Wang; Changming Liu; Tongliang Gong,29.025751,Journal of Climate,2013-02-06,10.1175/jcli-d-12-00523.1,NULL,American Meteorological Society,56,Crossref,Atmospheric Science,NA,journal-article,http://dx.doi.org/10.1175/jcli-d-12-00523.1,14,26
"Analysis of Agricultural Land Use Change in the Middle Reach of the Heihe River Basin, Northwest China",Li Fu; Lanhui Zhang; Chansheng He,29.020386,International Journal of Environmental Research and Public Health,2014-03-04,10.3390/ijerph110302698,NULL,MDPI AG,25,Crossref,NA,NA,journal-article,http://dx.doi.org/10.3390/ijerph110302698,3,11
"Protection of Headwater Catchments From Future Degradation: San Miguel River Basin, Colorado",Barbara J. Inyan; Mark W. Williams,28.84004,Mountain Research and Development,2006-07-18,10.1659/0276-4741(2001)021[0054:pohcff]2.0.co;2,NULL,International Mountain Society (IMS) and United Nations University,17,Crossref,"Environmental Science(all),Environmental Chemistry",NA,journal-article,http://dx.doi.org/10.1659/0276-4741(2001)021[0054:pohcff]2.0.co;2,1,21
Attribution assessment and projection of natural runoff change in the Yellow River Basin of China,Zhe Yuan; Denghua Yan; Zhiyong Yang; Jijun Xu; Junjun Huo; Yanlai Zhou; Cheng Zhang,28.816921,Mitigation and Adaptation Strategies for Global Change,2016-11-18,10.1007/s11027-016-9727-7,"list(DOI = c(""10.13039/501100001809"", NA, NA, NA), name = c(""National Natural Science Foundation of China"", ""China Clean Development Mechanism Fund"", ""National Key Research and Development Project"", ""Integrated Risk Management of Water Resources for Adaptation to Climate Change in Jinsha River Basin""), doi.asserted.by = c(""publisher"", NA, NA, NA), award = c(""41401045"", ""2014110"", ""2016YFC0402707",Springer Nature,51,Crossref,"Ecology,Global and Planetary Change",NA,journal-article,http://dx.doi.org/10.1007/s11027-016-9727-7,NA,NA
"Assessment of climate change on the future water levels of the Iberá wetlands, Argentina, during the twenty-first century",Natalia B. Montroull; Ramiro I. Saurral; Inés A. Camilloni; Rafael Grimson; Pablo Vasquez,28.782879,International Journal of River Basin Management,2013-06-26,10.1080/15715124.2013.819807,NULL,Informa UK Limited,45,Crossref,Water Science and Technology,NA,journal-article,http://dx.doi.org/10.1080/15715124.2013.819807,4,11
Hydrological projections of fluvial floods in the Uruguay and Paraná basins under different climate change scenarios,Inés A. Camilloni; Ramiro I. Saurral; Natalia B. Montroull,28.782879,International Journal of River Basin Management,2013-06-26,10.1080/15715124.2013.819006,NULL,Informa UK Limited,38,Crossref,Water Science and Technology,NA,journal-article,http://dx.doi.org/10.1080/15715124.2013.819006,4,11
Water balance approach to study the effect of climate change on groundwater storage for Sirhind command area in India,Purna Chandra Nayak; Robin Wardlaw; Ashok K. Kharya,28.782879,International Journal of River Basin Management,2015-02-25,10.1080/15715124.2015.1012206,NULL,Informa UK Limited,36,Crossref,Water Science and Technology,NA,journal-article,http://dx.doi.org/10.1080/15715124.2015.1012206,2,13
Water yield responses to high and low spatial resolution climate change scenarios in the Missouri River Basin,Mark C. Stone; Rollin H. Hotchkiss; Linda O. Mearns,28.782879,Geophysical Research Letters,2003-05-23,10.1029/2002gl016122,NULL,Wiley-Blackwell,15,Crossref,"Earth and Planetary Sciences(all),Geophysics",MISSOURI RIVER BASIN WATER YIELD RESPONSES,journal-article,http://dx.doi.org/10.1029/2002gl016122,4,30
Climate change projection of snowfall in the Colorado River Basin using dynamical downscaling,Sungwook Wi; Francina Dominguez; Matej Durcik; Juan Valdes; Henry F. Diaz; Christopher L. Castro,28.782879,Water Resources Research,2012-03-27,10.1029/2011wr010674,NULL,Wiley-Blackwell,53,Crossref,Water Science and Technology,SNOWFALL PROJECTIONS COLORADO RIVER BASIN,journal-article,http://dx.doi.org/10.1029/2011wr010674,5,48
"Simulated and projected climate extremes in the Zhujiang River Basin, South China, using the regional climate model COSMO-CLM",Thomas Fischer; Christoph Menz; Buda Su; Thomas Scholten,28.78078,International Journal of Climatology,2013-01-03,10.1002/joc.3643,NULL,Wiley-Blackwell,49,Crossref,Atmospheric Science,"SIMULATED AND PROJECTED CLIMATE EXTREMES IN THE ZHUJIANG RIVER BASIN, SOUTH CHINA",journal-article,http://dx.doi.org/10.1002/joc.3643,14,33
"Potential Influence of Climate Change on the Acid-Sensitivity of High-Elevation Lakes in the Georgia Basin, British Columbia",Donna Strang; Julian Aherne,28.756462,Advances in Meteorology,2015-03-18,10.1155/2015/536892,"list(DOI = ""10.13039/501100000039"", name = ""Environment Canada"", doi.asserted.by = ""publisher"")",Hindawi Publishing Corporation,87,Crossref,NA,NA,journal-article,http://dx.doi.org/10.1155/2015/536892,NA,2015
"An Integrated Modelling Approach Inmountainous Watershed of Heihe River Basin, Northwest China",Youjia Liang; Lijun Liu; Zhongmin Xu,28.609695,Natural Resources,2014-03-28,10.4236/nr.2014.53010,NULL,"Scientific Research Publishing, Inc,",18,Crossref,NA,NA,journal-article,http://dx.doi.org/10.4236/nr.2014.53010,03,05
"Modeling urban growth in the middle basin of the Heihe River, northwest China",Youjia Liang; Lijun Liu,28.609695,Landscape Ecology,2014-09-08,10.1007/s10980-014-0089-9,NULL,Springer Nature,45,Crossref,"Ecology,Geography, Planning and Development,Nature and Landscape Conservation",NA,journal-article,http://dx.doi.org/10.1007/s10980-014-0089-9,10,29
Barriers to water markets in the Heihe River basin in northwest China,Junlian Zhang,28.609695,Agricultural Water Management,2006-08-02,10.1016/j.agwat.2006.05.020,NULL,Elsevier BV,21,Crossref,"Earth-Surface Processes,Agronomy and Crop Science,Soil Science,Water Science and Technology",NA,journal-article,http://dx.doi.org/10.1016/j.agwat.2006.05.020,1,87
"Plants used in home medicine in the Zenta River basin, Northwest Argentina",N.I. Hilgert,28.609695,Journal of Ethnopharmacology,2002-07-25,10.1016/s0378-8741(01)00190-8,NULL,Elsevier BV,32,Crossref,"Pharmacology,Drug Discovery",NA,journal-article,http://dx.doi.org/10.1016/s0378-8741(01)00190-8,1,76
"Birds of the Shatan River Basin, Mongolia",Onolragchaa Ganbold,28.526918,Journal of Asia-Pacific Biodiversity,2015-05-05,10.1016/j.japb.2015.04.003,NULL,Elsevier BV,7,Crossref,NA,NA,journal-article,http://dx.doi.org/10.1016/j.japb.2015.04.003,2,8
"Salinity adaptation of the invasive New Zealand mud snail (Potamopyrgus antipodarum) in the Columbia River estuary (Pacific Northwest, USA): physiological and molecular studies",Marshal Hoy; Bruce L. Boese; Louise Taylor; Deborah Reusser; Rusty Rodriguez,28.50955,Aquatic Ecology,2012-04-26,10.1007/s10452-012-9396-x,NULL,Springer Nature,40,Crossref,"Aquatic Science,Ecology, Evolution, Behavior and Systematics",NA,journal-article,http://dx.doi.org/10.1007/s10452-012-9396-x,2,46
"Ecological perspectives on regulation and water allocation for the Ord River, Western Australia",R. G. Doupé; N. E. Pettit,28.491343,River Research and Applications,2002-10-06,10.1002/rra.676,NULL,Wiley-Blackwell,85,Crossref,"Environmental Science(all),Water Science and Technology,Environmental Chemistry","WATER ALLOCATION FOR THE ORD RIVER, WESTERN AUSTRALIA",journal-article,http://dx.doi.org/10.1002/rra.676,3,18
