"id","round4","round5"
1,"Becky","Danny"
2,"Paris","Meghan"
3,"Becky","Shana"
4,"Danny","Becky"
5,"Adrienne",NA
6,"Adrienne",NA
7,"Micah","Adrienne"
8,"Paris","Becky"
9,"Shana","Meghan"
10,"Meghan","Courtney"
11,"Micah","Becky"
12,"Micah","Courtney"
13,"Becky","Adrienne"
14,"Meghan","Danny"
15,"Adrienne",NA
16,"Meghan","Micah"
17,"Courtney","Meghan"
18,"Micah","Meghan"
19,"Meghan","Shana"
20,"Adrienne",NA
21,"Becky","Danny"
22,"Shana","Meghan"
23,"Adrienne",NA
24,"Shana","Paris"
25,"Adrienne",NA
26,"Micah","Shana"
27,"Courtney","Micah"
28,"Becky","Shana"
29,"Shana","Danny"
30,"Shana","Becky"
31,"Courtney","Adrienne"
32,"Danny","Courtney"
33,"Adrienne",NA
34,"Meghan","Danny"
35,"Meghan","Shana"
36,"Adrienne",NA
37,"Becky","Micah"
38,"Shana","Adrienne"
39,"Shana","Paris"
40,"Becky","Courtney"
41,"Shana","Adrienne"
42,"Adrienne",NA
43,"Shana","Courtney"
44,"Meghan","Becky"
45,"Adrienne",NA
46,"Micah","Danny"
47,"Danny","Becky"
48,"Becky","Adrienne"
49,"Shana","Courtney"
50,"Courtney","Adrienne"
51,"Danny","Paris"
52,"Shana","Courtney"
53,"Meghan","Paris"
54,"Adrienne",NA
55,"Becky","Micah"
56,"Courtney","Shana"
57,"Becky","Shana"
58,"Micah","Becky"
59,"Courtney","Danny"
60,"Becky","Danny"
61,"Paris","Becky"
62,"Becky","Adrienne"
63,"Meghan","Shana"
64,"Micah","Becky"
65,"Meghan","Danny"
66,"Paris","Shana"
67,"Danny","Shana"
68,"Courtney","Adrienne"
69,"Courtney","Meghan"
70,"Meghan","Micah"
71,"Micah","Paris"
72,"Becky","Micah"
73,"Meghan","Adrienne"
74,"Shana","Danny"
75,"Shana","Danny"
76,"Becky","Meghan"
77,"Courtney","Adrienne"
78,"Becky","Meghan"
79,"Adrienne",NA
80,"Paris","Courtney"
81,"Becky","Meghan"
82,"Courtney","Shana"
83,"Meghan","Courtney"
84,"Courtney","Shana"
85,"Adrienne",NA
86,"Courtney","Adrienne"
87,"Micah","Paris"
88,"Becky","Courtney"
89,"Adrienne",NA
90,"Shana","Paris"
91,"Micah","Paris"
92,"Danny","Adrienne"
93,"Courtney","Becky"
94,"Becky","Micah"
95,"Adrienne",NA
96,"Courtney","Danny"
97,"Adrienne",NA
98,"Adrienne",NA
99,"Paris","Micah"
100,"Becky","Courtney"
101,"Micah","Becky"
102,"Paris","Adrienne"
103,"Meghan","Shana"
104,"Shana","Paris"
105,"Becky","Shana"
106,"Meghan","Becky"
107,"Courtney","Adrienne"
108,"Becky","Meghan"
109,"Becky",NA
110,"Meghan","Paris"
111,"Shana","Becky"
112,"Micah","Paris"
113,"Micah","Danny"
114,"Shana","Danny"
115,"Courtney","Becky"
116,"Danny","Shana"
117,"Becky",NA
118,"Adrienne",NA
119,"Shana","Adrienne"
120,"Courtney","Micah"
121,"Meghan","Micah"
122,"Danny","Becky"
123,"Micah","Courtney"
124,"Shana","Courtney"
125,"Adrienne",NA
126,"Becky",NA
127,"Becky",NA
128,"Micah","Adrienne"
129,"Danny","Courtney"
130,"Danny","Adrienne"
131,"Adrienne",NA
132,"Adrienne",NA
133,"Courtney","Adrienne"
134,"Danny","Courtney"
135,"Paris","Courtney"
136,"Courtney","Meghan"
137,"Paris","Adrienne"
138,"Courtney","Becky"
139,"Meghan","Courtney"
140,"Paris","Meghan"
141,"Adrienne",NA
142,"Becky",NA
143,"Paris","Meghan"
144,"Micah","Danny"
145,"Micah","Danny"
146,"Becky",NA
147,"Danny","Micah"
148,"Paris","Becky"
149,"Micah","Shana"
150,"Paris","Becky"
151,"Shana","Danny"
152,"Danny","Becky"
153,"Courtney","Adrienne"
154,"Danny","Becky"
155,"Danny","Meghan"
156,"Courtney",NA
157,"Becky",NA
158,"Meghan","Adrienne"
159,"Meghan","Courtney"
160,"Paris","Shana"
161,"Micah","Shana"
162,"Adrienne",NA
163,"Micah","Adrienne"
164,"Becky",NA
165,"Micah",NA
166,"Micah",NA
167,"Adrienne",NA
168,"Micah",NA
169,"Meghan","Becky"
170,"Danny","Adrienne"
171,"Adrienne",NA
172,"Meghan",NA
173,"Micah",NA
174,"Courtney",NA
175,"Becky",NA
176,"Shana","Micah"
177,"Courtney",NA
178,"Courtney",NA
179,"Becky",NA
180,"Adrienne",NA
181,"Danny","Paris"
182,"Becky",NA
183,"Paris","Shana"
184,"Courtney",NA
185,"Micah",NA
186,"Becky",NA
187,"Adrienne",NA
188,"Shana",NA
189,"Becky",NA
190,"Shana",NA
191,"Meghan",NA
192,"Meghan",NA
193,"Becky",NA
194,"Micah",NA
195,"Meghan",NA
196,"Shana",NA
197,"Danny","Becky"
198,"Meghan",NA
199,"Micah",NA
200,"Meghan",NA
201,"Danny","Becky"
202,"Becky",NA
203,"Shana",NA
204,"Adrienne",NA
205,"Becky",NA
206,"Shana",NA
207,"Courtney",NA
208,"Paris","Micah"
209,"Adrienne",NA
210,"Adrienne",NA
211,"Meghan",NA
212,"Becky",NA
213,"Micah",NA
214,"Danny","Micah"
215,"Adrienne",NA
216,"Micah",NA
217,"Courtney",NA
218,"Becky",NA
219,"Courtney",NA
220,"Paris","Shana"
221,"Micah",NA
222,"Shana",NA
223,"Danny","Shana"
224,"Shana",NA
225,"Shana",NA
226,"Shana",NA
227,"Shana",NA
228,"Adrienne",NA
229,"Courtney",NA
230,"Adrienne",NA
231,"Adrienne",NA
232,"Adrienne",NA
233,"Meghan",NA
234,"Adrienne",NA
235,"Becky",NA
236,"Courtney",NA
237,"Micah",NA
238,"Meghan",NA
239,"Danny",NA
240,"Adrienne",NA
241,"Courtney",NA
242,"Meghan",NA
243,"Shana",NA
244,"Shana",NA
245,"Micah",NA
246,"Shana",NA
247,"Shana",NA
248,"Danny",NA
249,"Courtney",NA
250,"Paris","Danny"
251,"Becky",NA
252,"Paris","Shana"
253,"Courtney",NA
254,"Courtney",NA
255,"Shana",NA
256,"Shana",NA
257,"Becky",NA
258,"Courtney",NA
259,"Danny",NA
260,"Paris","Adrienne"
261,"Meghan",NA
262,"Paris","Courtney"
263,"Becky",NA
264,"Becky",NA
265,"Adrienne",NA
266,"Meghan",NA
267,"Adrienne",NA
268,"Micah",NA
269,"Paris",NA
270,"Micah",NA
271,"Danny",NA
272,"Adrienne",NA
273,"Paris",NA
274,"Courtney",NA
275,"Shana",NA
276,"Micah",NA
277,"Micah",NA
278,"Meghan",NA
279,"Adrienne",NA
280,"Adrienne",NA
281,"Meghan",NA
282,"Becky",NA
283,"Becky",NA
284,"Danny",NA
285,"Micah",NA
286,"Courtney",NA
287,"Micah",NA
288,"Danny",NA
289,"Micah",NA
290,"Micah",NA
291,"Micah",NA
292,"Courtney",NA
293,"Micah",NA
294,"Becky",NA
295,"Adrienne",NA
296,"Becky",NA
297,"Micah",NA
298,"Adrienne",NA
299,"Paris",NA
300,"Meghan",NA
301,"Courtney",NA
302,"Paris",NA
303,"Shana",NA
304,"Micah",NA
305,"Becky",NA
306,"Becky",NA
307,"Meghan",NA
308,"Paris",NA
309,"Danny",NA
310,"Danny",NA
311,"Paris",NA
312,"Danny",NA
313,"Micah",NA
314,"Micah",NA
315,"Shana",NA
316,"Micah",NA
317,"Courtney",NA
318,"Shana",NA
319,"Paris",NA
320,"Becky",NA
321,"Shana",NA
322,"Danny",NA
323,"Micah",NA
324,"Becky",NA
325,"Courtney",NA
326,"Micah",NA
327,"Becky",NA
328,"Adrienne",NA
329,"Adrienne",NA
330,"Shana",NA
331,"Meghan",NA
332,"Paris",NA
333,"Becky",NA
334,"Danny",NA
335,"Adrienne",NA
336,"Adrienne",NA
337,"Meghan",NA
338,"Meghan",NA
339,"Courtney",NA
340,"Danny",NA
341,"Becky",NA
342,"Adrienne",NA
343,"Danny",NA
344,"Paris",NA
345,"Paris",NA
346,"Becky",NA
347,"Danny",NA
348,"Courtney",NA
349,"Micah",NA
350,"Danny",NA
351,"Adrienne",NA
352,"Meghan",NA
353,"Becky",NA
354,"Micah",NA
355,"Becky",NA
356,"Courtney",NA
357,"Micah",NA
358,"Meghan",NA
359,"Becky",NA
360,"Micah",NA
361,"Paris",NA
362,"Courtney",NA
363,"Adrienne",NA
364,"Adrienne",NA
365,"Adrienne",NA
366,"Becky",NA
367,"Micah",NA
368,"Micah",NA
369,"Paris",NA
370,"Adrienne",NA
371,"Meghan",NA
372,"Adrienne",NA
373,"Danny",NA
374,"Danny",NA
375,"Micah",NA
376,"Meghan",NA
377,"Micah",NA
378,"Courtney",NA
379,"Becky",NA
380,"Shana",NA
381,"Meghan",NA
382,"Danny",NA
383,"Becky",NA
384,"Becky",NA
385,"Meghan",NA
386,"Meghan",NA
387,"Adrienne",NA
388,"Meghan",NA
389,"Danny",NA
390,"Courtney",NA
391,"Micah",NA
392,"Adrienne",NA
393,"Micah",NA
394,"Micah",NA
395,"Micah",NA
396,"Shana",NA
397,"Courtney",NA
398,"Micah",NA
399,"Danny",NA
400,"Courtney",NA
401,"Adrienne",NA
402,"Meghan",NA
403,"Shana",NA
404,"Becky",NA
405,"Shana",NA
406,"Meghan",NA
407,"Adrienne",NA
408,"Paris",NA
409,"Paris",NA
410,"Micah",NA
411,"Meghan",NA
412,"Micah",NA
413,"Meghan",NA
414,"Adrienne",NA
415,"Courtney",NA
416,"Becky",NA
417,"Courtney",NA
418,"Becky",NA
419,"Becky",NA
420,"Becky",NA
421,"Adrienne",NA
422,"Courtney",NA
423,"Danny",NA
424,"Meghan",NA
425,"Micah",NA
426,"Adrienne",NA
427,"Meghan",NA
428,"Courtney",NA
429,"Meghan",NA
430,"Adrienne",NA
431,"Micah",NA
432,"Danny",NA
433,"Adrienne",NA
434,"Danny",NA
435,"Shana",NA
436,"Adrienne",NA
437,"Paris",NA
438,"Micah",NA
439,"Shana",NA
440,"Paris",NA
441,"Shana",NA
442,"Shana",NA
443,"Meghan",NA
444,"Courtney",NA
445,"Paris",NA
446,"Meghan",NA
447,"Shana",NA
448,"Micah",NA
449,"Danny",NA
450,"Micah",NA
451,"Courtney",NA
452,"Micah",NA
453,"Shana",NA
454,"Adrienne",NA
455,"Courtney",NA
456,"Courtney",NA
457,"Micah",NA
458,"Shana",NA
459,"Danny",NA
460,"Becky",NA
461,"Shana",NA
462,"Micah",NA
463,"Paris",NA
464,"Adrienne",NA
465,"Courtney",NA
466,"Courtney",NA
467,"Danny",NA
468,"Shana",NA
469,"Shana",NA
470,"Paris",NA
471,"Paris",NA
472,"Micah",NA
473,"Adrienne",NA
474,"Micah",NA
475,"Courtney",NA
476,"Paris",NA
477,"Micah",NA
478,"Shana",NA
479,"Paris",NA
480,"Shana",NA
481,"Courtney",NA
482,"Micah",NA
483,"Shana",NA
484,"Courtney",NA
485,"Micah",NA
486,"Danny",NA
487,"Paris",NA
488,"Courtney",NA
489,"Paris",NA
490,"Adrienne",NA
491,"Meghan",NA
492,"Paris",NA
493,"Danny",NA
494,"Courtney",NA
495,"Courtney",NA
496,"Meghan",NA
497,"Micah",NA
498,"Meghan",NA
499,"Adrienne",NA
500,"Becky",NA
501,"Becky",NA
502,"Meghan",NA
503,"Danny",NA
504,"Becky",NA
505,"Danny",NA
506,"Meghan",NA
507,"Paris",NA
508,"Paris",NA
509,"Micah",NA
510,"Micah",NA
511,"Micah",NA
512,"Adrienne",NA
513,"Danny",NA
514,"Adrienne",NA
515,"Micah",NA
516,"Shana",NA
517,"Paris",NA
518,"Adrienne",NA
519,"Micah",NA
520,"Adrienne",NA
521,"Shana",NA
522,"Paris",NA
523,"Paris",NA
524,"Shana",NA
525,"Courtney",NA
526,"Courtney",NA
527,"Meghan",NA
528,"Meghan",NA
529,"Paris",NA
530,"Adrienne",NA
531,"Shana",NA
532,"Micah",NA
533,"Paris",NA
534,"Becky",NA
535,"Adrienne",NA
536,"Danny",NA
537,"Paris",NA
538,"Adrienne",NA
539,"Paris",NA
540,"Shana",NA
541,"Shana",NA
542,"Shana",NA
543,"Paris",NA
544,"Becky",NA
545,"Adrienne",NA
546,"Meghan",NA
547,"Danny",NA
548,"Adrienne",NA
549,"Meghan",NA
550,"Becky",NA
551,"Adrienne",NA
552,"Meghan",NA
553,"Meghan",NA
554,"Adrienne",NA
555,"Micah",NA
556,"Meghan",NA
557,"Shana",NA
558,"Courtney",NA
559,"Courtney",NA
560,"Danny",NA
561,"Paris",NA
562,"Becky",NA
563,"Micah",NA
564,"Paris",NA
565,"Danny",NA
566,"Paris",NA
567,"Courtney",NA
568,"Paris",NA
569,"Micah",NA
570,"Danny",NA
571,"Danny",NA
572,"Micah",NA
573,"Shana",NA
574,"Meghan",NA
575,"Danny",NA
576,"Paris",NA
577,"Paris",NA
578,"Paris",NA
579,"Adrienne",NA
580,"Becky",NA
581,"Danny",NA
582,"Adrienne",NA
583,"Paris",NA
584,"Shana",NA
585,"Danny",NA
586,"Danny",NA
587,"Adrienne",NA
588,"Shana",NA
589,"Adrienne",NA
590,"Paris",NA
591,"Shana",NA
592,"Becky",NA
593,"Danny",NA
594,"Becky",NA
595,"Danny",NA
596,"Danny",NA
597,"Meghan",NA
598,"Courtney",NA
599,"Danny",NA
600,"Shana",NA
601,"Paris",NA
602,"Meghan",NA
603,"Paris",NA
604,"Courtney",NA
605,"Micah",NA
606,"Adrienne",NA
607,"Meghan",NA
608,"Shana",NA
609,"Micah",NA
610,"Shana",NA
611,"Shana",NA
612,"Danny",NA
613,"Micah",NA
614,"Danny",NA
615,"Paris",NA
616,"Meghan",NA
617,"Courtney",NA
618,"Danny",NA
619,"Danny",NA
620,"Danny",NA
621,"Courtney",NA
622,"Micah",NA
623,"Becky",NA
624,"Micah",NA
625,"Meghan",NA
626,"Danny",NA
627,"Adrienne",NA
628,"Shana",NA
629,"Courtney",NA
630,"Meghan",NA
631,"Danny",NA
632,"Courtney",NA
633,"Meghan",NA
634,"Meghan",NA
635,"Becky",NA
636,"Paris",NA
637,"Adrienne",NA
638,"Danny",NA
639,"Micah",NA
640,"Becky",NA
641,"Shana",NA
642,"Shana",NA
643,"Courtney",NA
644,"Courtney",NA
645,"Adrienne",NA
646,"Courtney",NA
647,"Paris",NA
648,"Meghan",NA
649,"Danny",NA
650,"Micah",NA
651,"Adrienne",NA
652,"Adrienne",NA
653,"Paris",NA
654,"Becky",NA
655,"Danny",NA
656,"Meghan",NA
657,"Adrienne",NA
658,"Meghan",NA
659,"Shana",NA
660,"Courtney",NA
661,"Micah",NA
662,"Becky",NA
663,"Shana",NA
664,"Shana",NA
665,"Courtney",NA
666,"Becky",NA
667,"Adrienne",NA
668,"Shana",NA
669,"Danny",NA
670,"Meghan",NA
671,"Courtney",NA
672,"Paris",NA
673,"Adrienne",NA
674,"Becky",NA
675,"Danny",NA
676,"Courtney",NA
677,"Shana",NA
678,"Courtney",NA
679,"Danny",NA
680,"Danny",NA
681,"Shana",NA
682,"Shana",NA
683,"Becky",NA
684,"Meghan",NA
685,"Paris",NA
686,"Meghan",NA
687,"Paris",NA
688,"Micah",NA
689,"Courtney",NA
690,"Adrienne",NA
691,"Becky",NA
692,"Meghan",NA
693,"Paris",NA
694,"Meghan",NA
695,"Danny",NA
696,"Micah",NA
697,"Shana",NA
698,"Micah",NA
699,"Adrienne",NA
700,"Courtney",NA
701,"Becky",NA
702,"Danny",NA
703,"Danny",NA
704,"Paris",NA
705,"Becky",NA
706,"Paris",NA
707,"Micah",NA
708,"Courtney",NA
709,"Courtney",NA
710,"Adrienne",NA
711,"Shana",NA
712,"Meghan",NA
713,"Danny",NA
714,"Meghan",NA
715,"Paris",NA
716,"Micah",NA
717,"Courtney",NA
718,"Micah",NA
719,"Micah",NA
720,"Danny",NA
721,"Meghan",NA
722,"Adrienne",NA
723,"Adrienne",NA
724,"Paris",NA
725,"Micah",NA
726,"Danny",NA
727,"Becky",NA
728,"Danny",NA
729,"Shana",NA
730,"Shana",NA
731,"Paris",NA
732,"Danny",NA
733,"Adrienne",NA
734,"Becky",NA
735,"Becky",NA
736,"Danny",NA
737,"Shana",NA
738,"Shana",NA
739,"Paris",NA
740,"Micah",NA
741,"Becky",NA
742,"Adrienne",NA
743,"Micah",NA
744,"Adrienne",NA
745,"Shana",NA
746,"Paris",NA
747,"Adrienne",NA
748,"Becky",NA
749,"Micah",NA
750,"Becky",NA
751,"Meghan",NA
752,"Meghan",NA
753,"Adrienne",NA
754,"Meghan",NA
755,"Paris",NA
756,"Adrienne",NA
757,"Micah",NA
758,"Danny",NA
759,"Becky",NA
760,"Danny",NA
761,"Adrienne",NA
762,"Adrienne",NA
763,"Shana",NA
764,"Danny",NA
765,"Courtney",NA
766,"Paris",NA
767,"Adrienne",NA
768,"Meghan",NA
769,"Shana",NA
770,"Courtney",NA
771,"Becky",NA
772,"Micah",NA
773,"Courtney",NA
774,"Meghan",NA
775,"Micah",NA
776,"Danny",NA
777,"Adrienne",NA
778,"Becky",NA
779,"Paris",NA
780,"Danny",NA
781,"Adrienne",NA
782,"Paris",NA
783,"Paris",NA
784,"Shana",NA
785,"Adrienne",NA
786,"Meghan",NA
787,"Courtney",NA
788,"Becky",NA
789,"Courtney",NA
790,"Micah",NA
791,"Meghan",NA
792,"Paris",NA
793,"Danny",NA
794,"Becky",NA
795,"Adrienne",NA
796,"Courtney",NA
797,"Courtney",NA
798,"Micah",NA
799,"Danny",NA
800,"Becky",NA
801,"Becky",NA
802,"Micah",NA
803,"Adrienne",NA
804,"Courtney",NA
805,"Becky",NA
806,"Shana",NA
807,"Danny",NA
808,"Becky",NA
809,"Becky",NA
810,"Becky",NA
811,"Danny",NA
812,"Becky",NA
813,"Shana",NA
814,"Paris",NA
815,"Shana",NA
816,"Becky",NA
817,"Adrienne",NA
818,"Paris",NA
819,"Shana",NA
820,"Becky",NA
821,"Courtney",NA
822,"Adrienne",NA
823,"Micah",NA
824,"Meghan",NA
825,"Paris",NA
826,"Becky",NA
827,"Shana",NA
828,"Shana",NA
829,"Danny",NA
830,"Danny",NA
831,"Becky",NA
832,"Danny",NA
833,"Adrienne",NA
834,"Danny",NA
835,"Paris",NA
836,"Paris",NA
837,"Shana",NA
838,"Adrienne",NA
839,"Danny",NA
840,"Shana",NA
841,"Danny",NA
842,"Danny",NA
843,"Micah",NA
844,"Paris",NA
845,"Courtney",NA
846,"Danny",NA
847,"Danny",NA
848,"Danny",NA
849,"Courtney",NA
850,"Courtney",NA
851,"Adrienne",NA
852,"Shana",NA
853,"Meghan",NA
854,"Meghan",NA
855,"Adrienne",NA
856,"Shana",NA
857,"Becky",NA
858,"Danny",NA
859,"Paris",NA
860,"Courtney",NA
861,"Meghan",NA
862,"Shana",NA
863,"Paris",NA
864,"Becky",NA
865,"Danny",NA
866,"Courtney",NA
867,"Meghan",NA
868,"Courtney",NA
869,"Meghan",NA
870,"Paris",NA
871,"Paris",NA
872,"Becky",NA
873,"Meghan",NA
874,"Becky",NA
875,"Danny",NA
876,"Danny",NA
877,"Meghan",NA
878,"Danny",NA
879,"Meghan",NA
880,"Micah",NA
881,"Meghan",NA
882,"Shana",NA
883,"Micah",NA
884,"Micah",NA
885,"Courtney",NA
886,"Meghan",NA
887,"Meghan",NA
888,"Adrienne",NA
889,"Micah",NA
890,"Courtney",NA
891,"Meghan",NA
892,"Shana",NA
893,"Micah",NA
894,"Micah",NA
895,"Paris",NA
896,"Courtney",NA
897,"Shana",NA
898,"Meghan",NA
899,"Adrienne",NA
900,"Adrienne",NA
901,"Shana",NA
902,"Danny",NA
903,"Paris",NA
904,"Paris",NA
905,"Courtney",NA
906,"Shana",NA
907,"Micah",NA
908,"Becky",NA
909,"Danny",NA
910,"Courtney",NA
911,"Becky",NA
912,"Meghan",NA
913,"Courtney",NA
914,"Micah",NA
915,"Paris",NA
916,"Paris",NA
917,"Adrienne",NA
918,"Adrienne",NA
919,"Adrienne",NA
920,"Courtney",NA
921,"Adrienne",NA
922,"Shana",NA
923,"Danny",NA
924,"Courtney",NA
925,"Adrienne",NA
926,"Shana",NA
927,"Becky",NA
928,"Meghan",NA
929,"Micah",NA
930,"Meghan",NA
931,"Courtney",NA
932,"Shana",NA
933,"Courtney",NA
934,"Paris",NA
935,"Meghan",NA
936,"Adrienne",NA
937,"Becky",NA
938,"Micah",NA
939,"Shana",NA
940,"Courtney",NA
941,"Paris",NA
942,"Danny",NA
943,"Micah",NA
944,"Meghan",NA
945,"Becky",NA
946,"Paris",NA
947,"Adrienne",NA
948,"Danny",NA
949,"Paris",NA
950,"Adrienne",NA
951,"Danny",NA
952,"Meghan",NA
953,"Adrienne",NA
954,"Meghan",NA
955,"Shana",NA
956,"Paris",NA
957,"Shana",NA
958,"Meghan",NA
959,"Becky",NA
960,"Becky",NA
961,"Micah",NA
962,"Danny",NA
963,"Danny",NA
964,"Micah",NA
965,"Becky",NA
966,"Courtney",NA
967,"Shana",NA
968,"Shana",NA
969,"Danny",NA
970,"Paris",NA
971,"Adrienne",NA
972,"Becky",NA
973,"Danny",NA
974,"Micah",NA
975,"Becky",NA
976,"Paris",NA
977,"Adrienne",NA
978,"Shana",NA
979,"Shana",NA
980,"Courtney",NA
981,"Danny",NA
982,"Courtney",NA
983,"Micah",NA
984,"Becky",NA
985,"Danny",NA
986,"Shana",NA
987,"Shana",NA
988,"Courtney",NA
989,"Micah",NA
990,"Danny",NA
991,"Courtney",NA
992,"Micah",NA
993,"Courtney",NA
994,"Danny",NA
995,"Danny",NA
996,"Paris",NA
997,"Courtney",NA
998,"Paris",NA
999,"Courtney",NA
1000,"Paris",NA
1001,"Shana",NA
1002,"Adrienne",NA
1003,"Meghan",NA
1004,"Micah",NA
1005,"Courtney",NA
1006,"Courtney",NA
1007,"Shana",NA
1008,"Adrienne",NA
1009,"Shana",NA
1010,"Courtney",NA
1011,"Paris",NA
1012,"Meghan",NA
1013,"Danny",NA
1014,"Paris",NA
1015,"Courtney",NA
1016,"Micah",NA
1017,"Paris",NA
1018,"Danny",NA
1019,"Paris",NA
1020,"Courtney",NA
1021,"Courtney",NA
1022,"Becky",NA
1023,"Danny",NA
1024,"Becky",NA
1025,"Danny",NA
1026,"Paris",NA
1027,"Shana",NA
1028,"Paris",NA
1029,"Danny",NA
1030,"Micah",NA
1031,"Meghan",NA
1032,"Micah",NA
1033,"Paris",NA
1034,"Adrienne",NA
1035,"Courtney",NA
1036,"Adrienne",NA
1037,"Meghan",NA
1038,"Shana",NA
1039,"Shana",NA
1040,"Courtney",NA
1041,"Becky",NA
1042,"Becky",NA
1043,"Micah",NA
1044,"Courtney",NA
1045,"Micah",NA
1046,"Meghan",NA
1047,"Shana",NA
1048,"Micah",NA
1049,"Meghan",NA
1050,"Adrienne",NA
1051,"Shana",NA
1052,"Shana",NA
1053,"Courtney",NA
1054,"Shana",NA
1055,"Shana",NA
1056,"Meghan",NA
1057,"Danny",NA
1058,"Adrienne",NA
1059,"Courtney",NA
1060,"Danny",NA
1061,"Paris",NA
1062,"Danny",NA
1063,"Adrienne",NA
1064,"Meghan",NA
1065,"Shana",NA
1066,"Micah",NA
1067,"Shana",NA
1068,"Paris",NA
1069,"Meghan",NA
1070,"Micah",NA
1071,"Micah",NA
1072,"Becky",NA
1073,"Shana",NA
1074,"Micah",NA
1075,"Paris",NA
1076,"Adrienne",NA
1077,"Micah",NA
1078,"Meghan",NA
1079,"Paris",NA
1080,"Meghan",NA
1081,"Adrienne",NA
1082,"Becky",NA
1083,"Danny",NA
1084,"Micah",NA
1085,"Courtney",NA
1086,"Meghan",NA
1087,"Shana",NA
1088,"Meghan",NA
1089,"Micah",NA
1090,"Shana",NA
1091,"Becky",NA
1092,"Becky",NA
1093,"Danny",NA
1094,"Becky",NA
1095,"Paris",NA
1096,"Paris",NA
1097,"Paris",NA
1098,"Paris",NA
1099,"Shana",NA
1100,"Shana",NA
1101,"Shana",NA
1102,"Paris",NA
1103,"Micah",NA
1104,"Micah",NA
1105,"Meghan",NA
1106,"Shana",NA
1107,"Shana",NA
1108,"Courtney",NA
1109,"Paris",NA
1110,"Danny",NA
1111,"Courtney",NA
1112,"Adrienne",NA
1113,"Meghan",NA
1114,"Paris",NA
1115,"Micah",NA
1116,"Meghan",NA
1117,"Danny",NA
1118,"Courtney",NA
1119,"Adrienne",NA
1120,"Adrienne",NA
1121,"Meghan",NA
1122,"Meghan",NA
1123,"Becky",NA
1124,"Paris",NA
1125,"Becky",NA
1126,"Meghan",NA
1127,"Micah",NA
1128,"Courtney",NA
1129,"Meghan",NA
1130,"Paris",NA
1131,"Shana",NA
1132,"Micah",NA
1133,"Paris",NA
1134,"Shana",NA
1135,"Micah",NA
1136,"Micah",NA
1137,"Paris",NA
1138,"Shana",NA
1139,"Courtney",NA
1140,"Courtney",NA
1141,"Paris",NA
1142,"Meghan",NA
1143,"Meghan",NA
1144,"Adrienne",NA
1145,"Shana",NA
1146,"Meghan",NA
1147,"Becky",NA
1148,"Becky",NA
1149,"Shana",NA
1150,"Shana",NA
1151,"Micah",NA
1152,"Becky",NA
1153,"Paris",NA
1154,"Danny",NA
1155,"Meghan",NA
1156,"Danny",NA
1157,"Micah",NA
1158,"Paris",NA
1159,"Danny",NA
1160,"Paris",NA
1161,"Micah",NA
1162,"Becky",NA
1163,"Meghan",NA
1164,"Meghan",NA
1165,"Danny",NA
1166,"Adrienne",NA
1167,"Adrienne",NA
1168,"Courtney",NA
1169,"Becky",NA
1170,"Becky",NA
1171,"Courtney",NA
1172,"Courtney",NA
1173,"Courtney",NA
1174,"Paris",NA
1175,"Meghan",NA
1176,"Courtney",NA
1177,"Becky",NA
1178,"Paris",NA
1179,"Micah",NA
1180,"Meghan",NA
1181,"Shana",NA
1182,"Adrienne",NA
1183,"Meghan",NA
1184,"Courtney",NA
1185,"Danny",NA
1186,"Paris",NA
1187,"Shana",NA
1188,"Shana",NA
1189,"Micah",NA
1190,"Danny",NA
1191,"Courtney",NA
1192,"Courtney",NA
1193,"Adrienne",NA
1194,"Courtney",NA
1195,"Adrienne",NA
1196,"Becky",NA
1197,"Paris",NA
1198,"Meghan",NA
1199,"Paris",NA
1200,"Danny",NA
1201,"Paris",NA
1202,"Adrienne",NA
1203,"Meghan",NA
1204,"Adrienne",NA
1205,"Shana",NA
1206,"Meghan",NA
1207,"Courtney",NA
1208,"Danny",NA
1209,"Danny",NA
1210,"Paris",NA
1211,"Micah",NA
1212,"Paris",NA
1213,"Micah",NA
1214,"Micah",NA
1215,"Danny",NA
1216,"Paris",NA
1217,"Becky",NA
1218,"Shana",NA
1219,"Shana",NA
1220,"Courtney",NA
1221,"Meghan",NA
1222,"Micah",NA
1223,"Paris",NA
1224,"Paris",NA
1225,"Adrienne",NA
1226,"Micah",NA
1227,"Adrienne",NA
1228,"Meghan",NA
1229,"Danny",NA
1230,"Becky",NA
1231,"Meghan",NA
1232,"Adrienne",NA
1233,"Paris",NA
1234,"Meghan",NA
1235,"Meghan",NA
1236,"Becky",NA
1237,"Danny",NA
1238,"Shana",NA
1239,"Meghan",NA
1240,"Becky",NA
1241,"Becky",NA
1242,"Adrienne",NA
1243,"Micah",NA
1244,"Danny",NA
1245,"Micah",NA
1246,"Danny",NA
1247,"Danny",NA
1248,"Becky",NA
1249,"Meghan",NA
1250,"Micah",NA
1251,"Courtney",NA
1252,"Danny",NA
1253,"Micah",NA
1254,"Micah",NA
1255,"Courtney",NA
1256,"Becky",NA
1257,"Paris",NA
1258,"Paris",NA
1259,"Micah",NA
1260,"Becky",NA
1261,"Becky",NA
1262,"Meghan",NA
1263,"Danny",NA
1264,"Micah",NA
1265,"Shana",NA
1266,"Meghan",NA
1267,"Courtney",NA
1268,"Danny",NA
1269,"Adrienne",NA
1270,"Adrienne",NA
1271,"Danny",NA
1272,"Shana",NA
1273,"Paris",NA
1274,"Micah",NA
1275,"Shana",NA
1276,"Becky",NA
1277,"Shana",NA
1278,"Micah",NA
1279,"Meghan",NA
1280,"Paris",NA
1281,"Meghan",NA
1282,"Becky",NA
1283,"Micah",NA
1284,"Shana",NA
1285,"Adrienne",NA
1286,"Meghan",NA
1287,"Micah",NA
1288,"Shana",NA
1289,"Adrienne",NA
1290,"Courtney",NA
1291,"Adrienne",NA
1292,"Danny",NA
1293,"Paris",NA
1294,"Micah",NA
1295,"Becky",NA
1296,"Becky",NA
1297,"Danny",NA
1298,"Paris",NA
1299,"Meghan",NA
1300,"Adrienne",NA
1301,"Danny",NA
1302,"Adrienne",NA
1303,"Danny",NA
1304,"Becky",NA
1305,"Adrienne",NA
1306,"Meghan",NA
1307,"Courtney",NA
1308,"Shana",NA
1309,"Becky",NA
1310,"Shana",NA
1311,"Paris",NA
1312,"Shana",NA
1313,"Courtney",NA
1314,"Adrienne",NA
1315,"Danny",NA
1316,"Danny",NA
1317,"Micah",NA
1318,"Becky",NA
1319,"Courtney",NA
1320,"Adrienne",NA
1321,"Paris",NA
1322,"Danny",NA
1323,"Courtney",NA
1324,"Danny",NA
1325,"Shana",NA
1326,"Meghan",NA
1327,"Adrienne",NA
1328,"Courtney",NA
1329,"Micah",NA
1330,"Courtney",NA
1331,"Meghan",NA
1332,"Paris",NA
1333,"Shana",NA
1334,"Becky",NA
1335,"Becky",NA
1336,"Courtney",NA
1337,"Meghan",NA
1338,"Meghan",NA
1339,"Courtney",NA
1340,"Shana",NA
1341,"Micah",NA
1342,"Meghan",NA
1343,"Adrienne",NA
1344,"Danny",NA
1345,"Micah",NA
1346,"Meghan",NA
1347,"Micah",NA
1348,"Micah",NA
1349,"Meghan",NA
1350,"Paris",NA
1351,"Courtney",NA
1352,"Shana",NA
1353,"Adrienne",NA
1354,"Becky",NA
1355,"Danny",NA
1356,"Danny",NA
1357,"Danny",NA
1358,"Shana",NA
1359,"Danny",NA
1360,"Meghan",NA
1361,"Danny",NA
1362,"Meghan",NA
1363,"Adrienne",NA
1364,"Becky",NA
1365,"Meghan",NA
1366,"Courtney",NA
1367,"Paris",NA
1368,"Becky",NA
1369,"Shana",NA
1370,"Paris",NA
1371,"Adrienne",NA
1372,"Becky",NA
1373,"Courtney",NA
1374,"Paris",NA
1375,"Paris",NA
1376,"Courtney",NA
1377,"Paris",NA
1378,"Adrienne",NA
1379,"Becky",NA
1380,"Paris",NA
1381,"Danny",NA
1382,"Becky",NA
1383,"Meghan",NA
1384,"Becky",NA
1385,"Micah",NA
1386,"Shana",NA
1387,"Danny",NA
1388,"Micah",NA
1389,"Becky",NA
1390,"Courtney",NA
1391,"Courtney",NA
1392,"Paris",NA
1393,"Danny",NA
1394,"Micah",NA
1395,"Danny",NA
1396,"Paris",NA
1397,"Adrienne",NA
1398,"Courtney",NA
1399,"Courtney",NA
1400,"Danny",NA
1401,"Becky",NA
1402,"Adrienne",NA
1403,"Paris",NA
1404,"Danny",NA
1405,"Paris",NA
1406,"Becky",NA
1407,"Danny",NA
1408,"Adrienne",NA
1409,"Shana",NA
1410,"Becky",NA
1411,"Danny",NA
1412,"Adrienne",NA
1413,"Becky",NA
1414,"Paris",NA
1415,"Adrienne",NA
1416,"Meghan",NA
1417,"Micah",NA
1418,"Adrienne",NA
1419,"Paris",NA
1420,"Becky",NA
1421,"Courtney",NA
1422,"Shana",NA
1423,"Meghan",NA
1424,"Micah",NA
1425,"Adrienne",NA
1426,"Adrienne",NA
1427,"Danny",NA
1428,"Shana",NA
1429,"Paris",NA
1430,"Courtney",NA
1431,"Courtney",NA
1432,"Courtney",NA
1433,"Courtney",NA
1434,"Becky",NA
1435,"Courtney",NA
1436,"Adrienne",NA
1437,"Paris",NA
1438,"Adrienne",NA
1439,"Meghan",NA
1440,"Becky",NA
1441,"Paris",NA
1442,"Becky",NA
1443,"Danny",NA
1444,"Meghan",NA
1445,"Paris",NA
1446,"Micah",NA
1447,"Becky",NA
1448,"Shana",NA
1449,"Paris",NA
1450,"Meghan",NA
1451,"Courtney",NA
1452,"Meghan",NA
1453,"Shana",NA
1454,"Paris",NA
1455,"Shana",NA
1456,"Meghan",NA
1457,"Becky",NA
1458,"Meghan",NA
1459,"Meghan",NA
1460,"Shana",NA
1461,"Becky",NA
1462,"Courtney",NA
1463,"Meghan",NA
1464,"Paris",NA
1465,"Becky",NA
1466,"Shana",NA
1467,"Meghan",NA
1468,"Danny",NA
1469,"Courtney",NA
1470,"Adrienne",NA
1471,"Courtney",NA
1472,"Adrienne",NA
1473,"Shana",NA
1474,"Becky",NA
1475,"Becky",NA
1476,"Shana",NA
1477,"Paris",NA
1478,"Courtney",NA
1479,"Becky",NA
1480,"Becky",NA
1481,"Paris",NA
1482,"Meghan",NA
1483,"Courtney",NA
1484,"Meghan",NA
1485,"Paris",NA
1486,"Meghan",NA
1487,"Meghan",NA
1488,"Becky",NA
1489,"Adrienne",NA
1490,"Micah",NA
1491,"Courtney",NA
1492,"Shana",NA
1493,"Shana",NA
1494,"Adrienne",NA
1495,"Adrienne",NA
1496,"Becky",NA
1497,"Danny",NA
1498,"Danny",NA
1499,"Paris",NA
1500,"Paris",NA
1501,"Meghan",NA
1502,"Adrienne",NA
1503,"Courtney",NA
1504,"Adrienne",NA
1505,"Meghan",NA
1506,"Danny",NA
1507,"Micah",NA
1508,"Adrienne",NA
1509,"Micah",NA
1510,"Meghan",NA
1511,"Shana",NA
1512,"Micah",NA
1513,"Courtney",NA
1514,"Paris",NA
1515,"Courtney",NA
1516,"Meghan",NA
1517,"Paris",NA
1518,"Courtney",NA
1519,"Becky",NA
1520,"Paris",NA
1521,"Adrienne",NA
1522,"Danny",NA
1523,"Danny",NA
1524,"Courtney",NA
1525,"Shana",NA
1526,"Courtney",NA
1527,"Paris",NA
1528,"Micah",NA
1529,"Courtney",NA
1530,"Shana",NA
1531,"Paris",NA
1532,"Shana",NA
1533,"Becky",NA
1534,"Micah",NA
1535,"Danny",NA
1536,"Shana",NA
1537,"Danny",NA
1538,"Meghan",NA
1539,"Courtney",NA
1540,"Adrienne",NA
1541,"Meghan",NA
1542,"Courtney",NA
1543,"Adrienne",NA
1544,"Meghan",NA
1545,"Danny",NA
1546,"Danny",NA
1547,"Courtney",NA
1548,"Adrienne",NA
1549,"Danny",NA
1550,"Shana",NA
1551,"Meghan",NA
1552,"Paris",NA
1553,"Courtney",NA
1554,"Paris",NA
1555,"Danny",NA
1556,"Courtney",NA
1557,"Meghan",NA
1558,"Becky",NA
1559,"Micah",NA
1560,"Adrienne",NA
1561,"Shana",NA
1562,"Paris",NA
1563,"Adrienne",NA
1564,"Meghan",NA
1565,"Paris",NA
1566,"Courtney",NA
1567,"Becky",NA
1568,"Adrienne",NA
1569,"Becky",NA
1570,"Becky",NA
1571,"Micah",NA
1572,"Becky",NA
1573,"Danny",NA
1574,"Becky",NA
1575,"Meghan",NA
1576,"Paris",NA
1577,"Shana",NA
1578,"Shana",NA
1579,"Adrienne",NA
1580,"Micah",NA
1581,"Paris",NA
1582,"Shana",NA
1583,"Paris",NA
1584,"Micah",NA
1585,"Meghan",NA
1586,"Courtney",NA
1587,"Paris",NA
1588,"Meghan",NA
1589,"Adrienne",NA
1590,"Courtney",NA
1591,"Becky",NA
1592,"Micah",NA
1593,"Paris",NA
1594,"Shana",NA
1595,"Danny",NA
1596,"Paris",NA
1597,"Danny",NA
1598,"Paris",NA
1599,"Adrienne",NA
1600,"Courtney",NA
1601,"Courtney",NA
1602,"Micah",NA
1603,"Becky",NA
1604,"Becky",NA
1605,"Shana",NA
1606,"Adrienne",NA
1607,"Shana",NA
1608,"Micah",NA
1609,"Micah",NA
1610,"Shana",NA
1611,"Paris",NA
1612,"Danny",NA
1613,"Danny",NA
1614,"Paris",NA
1615,"Danny",NA
1616,"Shana",NA
1617,"Becky",NA
1618,"Danny",NA
1619,"Micah",NA
1620,"Adrienne",NA
1621,"Shana",NA
